1,256,3200,3600000000000.00,model defined,1819201,16,819216,15244.6197,18831135515,0,0,53074,100.00,0,0.00,0,0.00,0,0,0,0,0,18831135515,1235264.37,0,1819217,1579375,274,624,144,136,96,80,312,152,888,200.3312,9572.6270,0.0000,0.0000,0.0000,0.0000,0.0000,0.0000,0.0000,0.0000,0.0000,0.0000,0.0000,0.0000,0.0000,36497.6652
1,256,2624,3600000000000.00,model defined,1671745,16,671760,10370.8676,13937683809,0,0,46364,100.00,0,0.00,0,0.00,0,0,0,0,0,13937683809,1343926.50,0,1671761,1451188,77,624,144,136,96,80,312,152,888,172.3629,6720.0988,0.0000,0.0000,0.0000,0.0000,0.0000,0.0000,0.0000,0.0000,0.0000,0.0000,0.0000,0.0000,0.0000,24829.3535
1,256,2624,3600000000000.00,model defined,1671745,16,671760,10373.5306,13935147004,0,0,28232,100.00,0,0.00,0,0.00,0,0,0,0,0,13935147004,1343336.96,0,1671761,1451188,77,624,144,136,96,80,312,152,888,246.2499,6675.0765,0.0000,0.0000,0.0000,0.0000,0.0000,0.0000,0.0000,0.0000,0.0000,0.0000,0.0000,0.0000,0.0000,24835.6658
1,256,2624,3600000000000.00,model defined,1671745,16,671760,10308.4342,13925711185,0,0,17997,100.00,0,0.00,0,0.00,0,0,0,0,0,13925711185,1350904.61,0,1671761,1451188,77,624,144,136,96,80,312,152,888,259.4891,6614.5170,0.0000,0.0000,0.0000,0.0000,0.0000,0.0000,0.0000,0.0000,0.0000,0.0000,0.0000,0.0000,0.0000,24679.5300
1,256,2624,3600000000000.00,model defined,1671745,16,671760,10414.4281,13907614605,0,0,12598,100.00,0,0.00,0,0.00,0,0,0,0,0,13907614605,1335417.98,0,1671761,1451188,77,624,144,136,96,80,312,152,888,164.5735,6642.9969,0.0000,0.0000,0.0000,0.0000,0.0000,0.0000,0.0000,0.0000,0.0000,0.0000,0.0000,0.0000,0.0000,24933.5425
1,256,2624,3600000000000.00,model defined,1671745,16,671760,10428.4258,13889265504,0,0,10566,100.00,0,0.00,0,0.00,0,0,0,0,0,13889265504,1331865.98,0,1671761,1451188,77,624,144,136,96,80,312,152,888,118.3287,6724.9495,0.0000,0.0000,0.0000,0.0000,0.0000,0.0000,0.0000,0.0000,0.0000,0.0000,0.0000,0.0000,0.0000,24966.9910
1,256,2624,3600000000000.00,model defined,1671745,16,671760,10371.0090,13814558736,0,0,7804,100.00,0,0.00,0,0.00,0,0,0,0,0,13814558736,1332036.14,0,1671761,1451188,77,624,144,136,96,80,312,152,888,212.6349,7086.3947,0.0000,0.0000,0.0000,0.0000,0.0000,0.0000,0.0000,0.0000,0.0000,0.0000,0.0000,0.0000,0.0000,24829.5159
1,256,2624,3600000000000.00,model defined,1671745,16,671760,10448.9525,13857533262,0,0,9163,100.00,0,0.00,0,0.00,0,0,0,0,0,13857533262,1326212.67,0,1671761,1451188,77,624,144,136,96,80,312,152,888,346.8484,6929.8556,0.0000,0.0000,0.0000,0.0000,0.0000,0.0000,0.0000,0.0000,0.0000,0.0000,0.0000,0.0000,0.0000,25015.8916
1,256,2624,3600000000000.00,model defined,1671745,16,671760,10378.9484,13908975489,0,0,41954,100.00,0,0.00,0,0.00,0,0,0,0,0,13908975489,1340114.14,0,1671761,1451188,77,624,144,136,96,80,312,152,888,286.6879,7402.0472,0.0000,0.0000,0.0000,0.0000,0.0000,0.0000,0.0000,0.0000,0.0000,0.0000,0.0000,0.0000,0.0000,24848.4583
1,256,2624,3600000000000.00,model defined,1671745,16,671760,10632.6168,13747744373,0,0,7341,100.00,0,0.00,0,0.00,0,0,0,0,0,13747744373,1292978.45,0,1671761,1451188,77,624,144,136,96,80,312,152,888,257.3243,7494.6046,0.0000,0.0000,0.0000,0.0000,0.0000,0.0000,0.0000,0.0000,0.0000,0.0000,0.0000,0.0000,0.0000,25455.4420
1,256,2624,3600000000000.00,model defined,1671745,16,671760,10275.8006,13881257360,0,0,25500,100.00,0,0.00,0,0.00,0,0,0,0,0,13881257360,1350868.70,0,1671761,1451188,77,624,144,136,96,80,312,152,888,271.9707,7295.0080,0.0000,0.0000,0.0000,0.0000,0.0000,0.0000,0.0000,0.0000,0.0000,0.0000,0.0000,0.0000,0.0000,24601.2804
1,256,2624,3600000000000.00,model defined,1671745,16,671760,10373.5378,13852386326,0,0,16829,100.00,0,0.00,0,0.00,0,0,0,0,0,13852386326,1335357.96,0,1671761,1451188,77,624,144,136,96,80,312,152,888,166.2343,7387.4337,0.0000,0.0000,0.0000,0.0000,0.0000,0.0000,0.0000,0.0000,0.0000,0.0000,0.0000,0.0000,0.0000,24835.7486
1,256,2624,3600000000000.00,model defined,1671745,16,671760,10889.8538,13677606222,0,0,7392,100.00,0,0.00,0,0.00,0,0,0,0,0,13677606222,1255995.39,0,1671761,1451188,77,624,144,136,96,80,312,152,888,161.7182,7845.0179,0.0000,0.0000,0.0000,0.0000,0.0000,0.0000,0.0000,0.0000,0.0000,0.0000,0.0000,0.0000,0.0000,26071.7217
1,256,2624,3600000000000.00,model defined,1671745,16,671760,10565.3404,13786013014,0,0,12183,100.00,0,0.00,0,0.00,0,0,0,0,0,13786013014,1304833.78,0,1671761,1451188,77,624,144,136,96,80,312,152,888,299.3016,7502.9624,0.0000,0.0000,0.0000,0.0000,0.0000,0.0000,0.0000,0.0000,0.0000,0.0000,0.0000,0.0000,0.0000,25294.8332
1,256,4352,3600000000000.00,model defined,2114113,16,1114128,20211.5469,22672994754,0,0,37021,100.00,0,0.00,0,0.00,0,0,0,0,0,22672994754,1121784.24,0,2114129,1835749,156,624,144,136,96,80,312,152,888,492.8767,12914.8039,0.0000,0.0000,0.0000,0.0000,0.0000,0.0000,0.0000,0.0000,0.0000,0.0000,0.0000,0.0000,0.0000,48389.3750
total_pe,total_kp,total_lp,end_ts,mapping,model_events,network_events,total_events,runtime,events_processed,events_aborted,events_rb,pe_event_ties,eff,send_loc_remote,percent_loc,send_net_remote,percent_net,rb_total,rb_primary,rb_secondary,fc_attempts,num_gvt,net_events,event_rate,events_past_end,event_alloc,memory_alloc,memory_wasted,remote_sends,remote_recvs,pe_struct,kp_struct,lp_struct,lp_model_struct,lp_rngs,total_lp_size,event_struct,event_struct_model,init_time,pq_time,avl_time,lz4_time,buddy_time,event_proc_time,event_cancel_time,event_abort_time,gvt_time,fc_time,primary_rb_time,net_read_time,net_other_time,inst_comp_time,inst_write_time,total_time
1,256,4352,3600000000000.00,model defined,2114113,16,1114128,20311.0223,22687639862,0,0,53664,100.00,0,0.00,0,0.00,0,0,0,0,0,22687639862,1117011.22,0,2114129,1835749,156,624,144,136,96,80,312,152,888,493.4368,12882.0097,0.0000,0.0000,0.0000,0.0000,0.0000,0.0000,0.0000,0.0000,0.0000,0.0000,0.0000,0.0000,0.0000,48627.4118
1,256,3200,3600000000000.00,model defined,1819201,16,819216,15093.3310,18805219226,0,0,24290,100.00,0,0.00,0,0.00,0,0,0,0,0,18805219226,1245929.03,0,1819217,1579375,274,624,144,136,96,80,312,152,888,168.4258,9508.2142,0.0000,0.0000,0.0000,0.0000,0.0000,0.0000,0.0000,0.0000,0.0000,0.0000,0.0000,0.0000,0.0000,36135.5630
1,256,4352,3600000000000.00,model defined,2114113,16,1114128,20463.7981,22642591876,0,0,28835,100.00,0,0.00,0,0.00,0,0,0,0,0,22642591876,1106470.65,0,2114129,1835749,156,624,144,136,96,80,312,152,888,491.8751,13136.5530,0.0000,0.0000,0.0000,0.0000,0.0000,0.0000,0.0000,0.0000,0.0000,0.0000,0.0000,0.0000,0.0000,48992.4281
1,256,4352,3600000000000.00,model defined,2114113,16,1114128,20473.7432,22492155672,0,0,20837,100.00,0,0.00,0,0.00,0,0,0,0,0,22492155672,1098585.41,0,2114129,1835749,156,624,144,136,96,80,312,152,888,349.9068,13582.5550,0.0000,0.0000,0.0000,0.0000,0.0000,0.0000,0.0000,0.0000,0.0000,0.0000,0.0000,0.0000,0.0000,49016.7024
1,256,3200,3600000000000.00,model defined,1819201,16,819216,15202.7304,18824275110,0,0,34393,100.00,0,0.00,0,0.00,0,0,0,0,0,18824275110,1238216.73,0,1819217,1579375,274,624,144,136,96,80,312,152,888,342.8914,9550.6531,0.0000,0.0000,0.0000,0.0000,0.0000,0.0000,0.0000,0.0000,0.0000,0.0000,0.0000,0.0000,0.0000,36396.9003
1,256,4352,3600000000000.00,model defined,2114113,16,1114128,20683.9369,22598399726,0,0,24560,100.00,0,0.00,0,0.00,0,0,0,0,0,22598399726,1092557.95,0,2114129,1835749,156,624,144,136,96,80,312,152,888,492.5538,13432.9310,0.0000,0.0000,0.0000,0.0000,0.0000,0.0000,0.0000,0.0000,0.0000,0.0000,0.0000,0.0000,0.0000,49519.6981
1,256,4352,3600000000000.00,model defined,2114113,16,1114128,20796.4259,22555581835,0,0,22175,100.00,0,0.00,0,0.00,0,0,0,0,0,22555581835,1084589.34,0,2114129,1835749,156,624,144,136,96,80,312,152,888,492.0523,13579.7241,0.0000,0.0000,0.0000,0.0000,0.0000,0.0000,0.0000,0.0000,0.0000,0.0000,0.0000,0.0000,0.0000,49789.1067
1,256,4352,3600000000000.00,model defined,2114113,16,1114128,20866.5929,22388744288,0,0,21792,100.00,0,0.00,0,0.00,0,0,0,0,0,22388744288,1072946.81,0,2114129,1835749,156,624,144,136,96,80,312,152,888,204.4488,14159.9783,0.0000,0.0000,0.0000,0.0000,0.0000,0.0000,0.0000,0.0000,0.0000,0.0000,0.0000,0.0000,0.0000,49957.2415
1,256,4352,3600000000000.00,model defined,2114113,16,1114128,20916.6157,22946251804,0,0,49604,100.00,0,0.00,0,0.00,0,0,0,0,0,22946251804,1097034.63,0,2114129,1835749,156,624,144,136,96,80,312,152,888,204.1750,14509.3700,0.0000,0.0000,0.0000,0.0000,0.0000,0.0000,0.0000,0.0000,0.0000,0.0000,0.0000,0.0000,0.0000,50077.0725
1,256,3200,3600000000000.00,model defined,1819201,16,819216,15553.4582,18778651425,0,0,19085,100.00,0,0.00,0,0.00,0,0,0,0,0,18778651425,1207361.81,0,1819217,1579375,274,624,144,136,96,80,312,152,888,169.4226,9833.3765,0.0000,0.0000,0.0000,0.0000,0.0000,0.0000,0.0000,0.0000,0.0000,0.0000,0.0000,0.0000,0.0000,37236.7500
1,256,4352,3600000000000.00,model defined,2114113,16,1114128,21053.5550,22850471118,0,0,28449,100.00,0,0.00,0,0.00,0,0,0,0,0,22850471118,1085349.77,0,2114129,1835749,156,624,144,136,96,80,312,152,888,95.0083,14774.0758,0.0000,0.0000,0.0000,0.0000,0.0000,0.0000,0.0000,0.0000,0.0000,0.0000,0.0000,0.0000,0.0000,50405.3677
1,256,3200,3600000000000.00,model defined,1819201,16,819216,15613.0203,18750239172,0,0,16951,100.00,0,0.00,0,0.00,0,0,0,0,0,18750239172,1200936.06,0,1819217,1579375,274,624,144,136,96,80,312,152,888,168.4559,10011.0364,0.0000,0.0000,0.0000,0.0000,0.0000,0.0000,0.0000,0.0000,0.0000,0.0000,0.0000,0.0000,0.0000,37379.2154
1,256,4352,3600000000000.00,model defined,2114113,16,1114128,21183.5963,22442072530,0,0,23090,100.00,0,0.00,0,0.00,0,0,0,0,0,22442072530,1059408.05,0,2114129,1835749,156,624,144,136,96,80,312,152,888,169.4806,14841.6685,0.0000,0.0000,0.0000,0.0000,0.0000,0.0000,0.0000,0.0000,0.0000,0.0000,0.0000,0.0000,0.0000,50716.0599
1,256,4352,3600000000000.00,model defined,2114113,16,1114128,21200.0925,22515522685,0,0,24899,100.00,0,0.00,0,0.00,0,0,0,0,0,22515522685,1062048.33,0,2114129,1835749,156,624,144,136,96,80,312,152,888,169.1121,14941.8246,0.0000,0.0000,0.0000,0.0000,0.0000,0.0000,0.0000,0.0000,0.0000,0.0000,0.0000,0.0000,0.0000,50755.9496
1,256,3200,3600000000000.00,model defined,1819201,16,819216,15624.4708,18634618576,0,0,14203,100.00,0,0.00,0,0.00,0,0,0,0,0,18634618576,1192655.98,0,1819217,1579375,274,624,144,136,96,80,312,152,888,267.8176,10550.5367,0.0000,0.0000,0.0000,0.0000,0.0000,0.0000,0.0000,0.0000,0.0000,0.0000,0.0000,0.0000,0.0000,37407.0761
1,256,4352,3600000000000.00,model defined,2114113,16,1114128,21351.5932,22920453106,0,0,36425,100.00,0,0.00,0,0.00,0,0,0,0,0,22920453106,1073477.42,0,2114129,1835749,156,624,144,136,96,80,312,152,888,204.2961,14891.9051,0.0000,0.0000,0.0000,0.0000,0.0000,0.0000,0.0000,0.0000,0.0000,0.0000,0.0000,0.0000,0.0000,51118.4571
1,256,4352,3600000000000.00,model defined,2114113,16,1114128,21393.7102,22231691836,0,0,20902,100.00,0,0.00,0,0.00,0,0,0,0,0,22231691836,1039169.53,0,2114129,1835749,156,624,144,136,96,80,312,152,888,350.0297,14749.3743,0.0000,0.0000,0.0000,0.0000,0.0000,0.0000,0.0000,0.0000,0.0000,0.0000,0.0000,0.0000,0.0000,51218.5677
1,256,3200,3600000000000.00,model defined,1819201,16,819216,15795.0477,18704534051,0,0,15153,100.00,0,0.00,0,0.00,0,0,0,0,0,18704534051,1184202.44,0,1819217,1579375,274,624,144,136,96,80,312,152,888,290.6346,10340.8727,0.0000,0.0000,0.0000,0.0000,0.0000,0.0000,0.0000,0.0000,0.0000,0.0000,0.0000,0.0000,0.0000,37815.5654
1,256,3200,3600000000000.00,model defined,1819201,16,819216,15527.9118,18736615158,0,0,49622,100.00,0,0.00,0,0.00,0,0,0,0,0,18736615158,1206641.01,0,1819217,1579375,274,624,144,136,96,80,312,152,888,156.6757,10771.2008,0.0000,0.0000,0.0000,0.0000,0.0000,0.0000,0.0000,0.0000,0.0000,0.0000,0.0000,0.0000,0.0000,37175.9610
1,256,4352,3600000000000.00,model defined,2114113,16,1114128,21594.0172,22068306674,0,0,18225,100.00,0,0.00,0,0.00,0,0,0,0,0,22068306674,1021963.93,0,2114129,1835749,156,624,144,136,96,80,312,152,888,203.9558,15102.5163,0.0000,0.0000,0.0000,0.0000,0.0000,0.0000,0.0000,0.0000,0.0000,0.0000,0.0000,0.0000,0.0000,51699.1524
1,256,3200,3600000000000.00,model defined,1819201,16,819216,15714.0743,18700591099,0,0,33244,100.00,0,0.00,0,0.00,0,0,0,0,0,18700591099,1190053.63,0,1819217,1579375,274,624,144,136,96,80,312,152,888,140.7204,10917.1723,0.0000,0.0000,0.0000,0.0000,0.0000,0.0000,0.0000,0.0000,0.0000,0.0000,0.0000,0.0000,0.0000,37622.3180
1,256,3200,3600000000000.00,model defined,1819201,16,819216,16050.0043,18542544401,0,0,14257,100.00,0,0.00,0,0.00,0,0,0,0,0,18542544401,1155298.41,0,1819217,1579375,274,624,144,136,96,80,312,152,888,165.3791,11105.2356,0.0000,0.0000,0.0000,0.0000,0.0000,0.0000,0.0000,0.0000,0.0000,0.0000,0.0000,0.0000,0.0000,38426.0445
1,256,3200,3600000000000.00,model defined,1819201,16,819216,15782.4103,18660912641,0,0,24583,100.00,0,0.00,0,0.00,0,0,0,0,0,18660912641,1182386.74,0,1819217,1579375,274,624,144,136,96,80,312,152,888,205.2949,11024.4117,0.0000,0.0000,0.0000,0.0000,0.0000,0.0000,0.0000,0.0000,0.0000,0.0000,0.0000,0.0000,0.0000,37784.4739
1,256,4352,3600000000000.00,model defined,2114113,16,1114128,21625.8704,22416477960,0,0,22724,100.00,0,0.00,0,0.00,0,0,0,0,0,22416477960,1036558.42,0,2114129,1835749,156,624,144,136,96,80,312,152,888,189.6017,15342.4847,0.0000,0.0000,0.0000,0.0000,0.0000,0.0000,0.0000,0.0000,0.0000,0.0000,0.0000,0.0000,0.0000,51775.3776
1,256,3200,3600000000000.00,model defined,1819201,16,819216,16155.1530,18435947502,0,0,14456,100.00,0,0.00,0,0.00,0,0,0,0,0,18435947502,1141180.62,0,1819217,1579375,274,624,144,136,96,80,312,152,888,239.2516,11452.8214,0.0000,0.0000,0.0000,0.0000,0.0000,0.0000,0.0000,0.0000,0.0000,0.0000,0.0000,0.0000,0.0000,38677.6863
1,256,3200,3600000000000.00,model defined,1819201,16,819216,15678.3027,18542636777,0,0,20391,100.00,0,0.00,0,0.00,0,0,0,0,0,18542636777,1182694.14,0,1819217,1579375,274,624,144,136,96,80,312,152,888,276.3677,10991.3781,0.0000,0.0000,0.0000,0.0000,0.0000,0.0000,0.0000,0.0000,0.0000,0.0000,0.0000,0.0000,0.0000,37535.9394
1,256,3200,3600000000000.00,model defined,1819201,16,819216,15828.9588,18528573617,0,0,15949,100.00,0,0.00,0,0.00,0,0,0,0,0,18528573617,1170549.11,0,1819217,1579375,274,624,144,136,96,80,312,152,888,153.3227,11313.0288,0.0000,0.0000,0.0000,0.0000,0.0000,0.0000,0.0000,0.0000,0.0000,0.0000,0.0000,0.0000,0.0000,37896.7785
1,256,4352,3600000000000.00,model defined,2114113,16,1114128,22309.6562,22297895343,0,0,20032,100.00,0,0.00,0,0.00,0,0,0,0,0,22297895343,999472.84,0,2114129,1835749,156,624,144,136,96,80,312,152,888,190.5881,16039.2786,0.0000,0.0000,0.0000,0.0000,0.0000,0.0000,0.0000,0.0000,0.0000,0.0000,0.0000,0.0000,0.0000,53411.8321
1,256,3200,3600000000000.00,model defined,1819201,16,819216,16189.3350,18531673135,0,0,18042,100.00,0,0.00,0,0.00,0,0,0,0,0,18531673135,1144684.02,0,1819217,1579375,274,624,144,136,96,80,312,152,888,129.9433,11398.0926,0.0000,0.0000,0.0000,0.0000,0.0000,0.0000,0.0000,0.0000,0.0000,0.0000,0.0000,0.0000,0.0000,38759.1321
1,256,4352,3600000000000.00,model defined,2114113,16,1114128,21945.6895,22031101021,0,0,16512,100.00,0,0.00,0,0.00,0,0,0,0,0,22031101021,1003891.95,0,2114129,1835749,156,624,144,136,96,80,312,152,888,214.4380,16280.1669,0.0000,0.0000,0.0000,0.0000,0.0000,0.0000,0.0000,0.0000,0.0000,0.0000,0.0000,0.0000,0.0000,52541.1892
1,256,4352,3600000000000.00,model defined,2114113,16,1114128,22177.8007,22163892394,0,0,16977,100.00,0,0.00,0,0.00,0,0,0,0,0,22163892394,999372.87,0,2114129,1835749,156,624,144,136,96,80,312,152,888,229.6398,16151.7214,0.0000,0.0000,0.0000,0.0000,0.0000,0.0000,0.0000,0.0000,0.0000,0.0000,0.0000,0.0000,0.0000,53096.3453
1,256,3200,3600000000000.00,model defined,1819201,16,819216,16095.1039,18487674471,0,0,14396,100.00,0,0.00,0,0.00,0,0,0,0,0,18487674471,1148652.07,0,1819217,1579375,274,624,144,136,96,80,312,152,888,285.3429,11701.8604,0.0000,0.0000,0.0000,0.0000,0.0000,0.0000,0.0000,0.0000,0.0000,0.0000,0.0000,0.0000,0.0000,38533.8400
1,256,3200,3600000000000.00,model defined,1819201,16,819216,16142.9414,18408813956,0,0,13196,100.00,0,0.00,0,0.00,0,0,0,0,0,18408813956,1140363.05,0,1819217,1579375,274,624,144,136,96,80,312,152,888,285.2099,11963.8133,0.0000,0.0000,0.0000,0.0000,0.0000,0.0000,0.0000,0.0000,0.0000,0.0000,0.0000,0.0000,0.0000,38648.2685
1,256,3200,3600000000000.00,model defined,1819201,16,819216,16258.8231,18294028101,0,0,11823,100.00,0,0.00,0,0.00,0,0,0,0,0,18294028101,1125175.42,0,1819217,1579375,274,624,144,136,96,80,312,152,888,172.4870,12253.2032,0.0000,0.0000,0.0000,0.0000,0.0000,0.0000,0.0000,0.0000,0.0000,0.0000,0.0000,0.0000,0.0000,38925.8278
1,256,2336,3600000000000.00,model defined,1598017,16,598032,9274.5098,13230664659,0,0,69197,100.00,0,0.00,0,0.00,0,0,0,0,0,13230664659,1426562.16,0,1598033,1387095,234,624,144,136,96,80,312,152,888,188.0930,5908.8034,0.0000,0.0000,0.0000,0.0000,0.0000,0.0000,0.0000,0.0000,0.0000,0.0000,0.0000,0.0000,0.0000,22204.2802
1,256,2336,3600000000000.00,model defined,1598017,16,598032,9230.5915,13229526572,0,0,40409,100.00,0,0.00,0,0.00,0,0,0,0,0,13229526572,1433226.31,0,1598033,1387095,234,624,144,136,96,80,312,152,888,303.2476,5842.8322,0.0000,0.0000,0.0000,0.0000,0.0000,0.0000,0.0000,0.0000,0.0000,0.0000,0.0000,0.0000,0.0000,22099.2768
1,256,2336,3600000000000.00,model defined,1598017,16,598032,9338.1099,13221226248,0,0,24572,100.00,0,0.00,0,0.00,0,0,0,0,0,13221226248,1415835.36,0,1598033,1387095,234,624,144,136,96,80,312,152,888,304.0238,5868.8747,0.0000,0.0000,0.0000,0.0000,0.0000,0.0000,0.0000,0.0000,0.0000,0.0000,0.0000,0.0000,0.0000,22356.4151
1,256,2336,3600000000000.00,model defined,1598017,16,598032,9464.8525,13204265015,0,0,16072,100.00,0,0.00,0,0.00,0,0,0,0,0,13204265015,1395084.08,0,1598033,1387095,234,624,144,136,96,80,312,152,888,228.3587,5926.1627,0.0000,0.0000,0.0000,0.0000,0.0000,0.0000,0.0000,0.0000,0.0000,0.0000,0.0000,0.0000,0.0000,22660.0370
1,256,2624,3600000000000.00,model defined,1671745,16,671760,10502.9044,13755914626,0,0,7374,100.00,0,0.00,0,0.00,0,0,0,0,0,13755914626,1309724.83,0,1671761,1451188,77,624,144,136,96,80,312,152,888,386.4556,7775.3416,0.0000,0.0000,0.0000,0.0000,0.0000,0.0000,0.0000,0.0000,0.0000,0.0000,0.0000,0.0000,0.0000,25145.3580
1,256,2624,3600000000000.00,model defined,1671745,16,671760,10540.0695,13782565785,0,0,10154,100.00,0,0.00,0,0.00,0,0,0,0,0,13782565785,1307635.19,0,1671761,1451188,77,624,144,136,96,80,312,152,888,529.3721,7532.8708,0.0000,0.0000,0.0000,0.0000,0.0000,0.0000,0.0000,0.0000,0.0000,0.0000,0.0000,0.0000,0.0000,25234.2902
1,256,2336,3600000000000.00,model defined,1598017,16,598032,9550.5204,13183688680,0,0,12987,100.00,0,0.00,0,0.00,0,0,0,0,0,13183688680,1380415.75,0,1598033,1387095,234,624,144,136,96,80,312,152,888,416.7848,5999.8341,0.0000,0.0000,0.0000,0.0000,0.0000,0.0000,0.0000,0.0000,0.0000,0.0000,0.0000,0.0000,0.0000,22865.2429
1,256,2336,3600000000000.00,model defined,1598017,16,598032,9555.9377,13149979387,0,0,9482,100.00,0,0.00,0,0.00,0,0,0,0,0,13149979387,1376105.61,0,1598033,1387095,234,624,144,136,96,80,312,152,888,622.6457,6136.7121,0.0000,0.0000,0.0000,0.0000,0.0000,0.0000,0.0000,0.0000,0.0000,0.0000,0.0000,0.0000,0.0000,22878.2554
1,256,2624,3600000000000.00,model defined,1671745,16,671760,10758.1586,13776582997,0,0,8476,100.00,0,0.00,0,0.00,0,0,0,0,0,13776582997,1280570.73,0,1671761,1451188,77,624,144,136,96,80,312,152,888,606.7261,7806.3194,0.0000,0.0000,0.0000,0.0000,0.0000,0.0000,0.0000,0.0000,0.0000,0.0000,0.0000,0.0000,0.0000,25756.2540
1,256,2624,3600000000000.00,model defined,1671745,16,671760,10674.8080,13718018635,0,0,6733,100.00,0,0.00,0,0.00,0,0,0,0,0,13718018635,1285083.40,0,1671761,1451188,77,624,144,136,96,80,312,152,888,160.0971,8056.0426,0.0000,0.0000,0.0000,0.0000,0.0000,0.0000,0.0000,0.0000,0.0000,0.0000,0.0000,0.0000,0.0000,25556.9923
1,256,2336,3600000000000.00,model defined,1598017,16,598032,9457.5436,13105311338,0,0,7476,100.00,0,0.00,0,0.00,0,0,0,0,0,13105311338,1385699.27,0,1598033,1387095,234,624,144,136,96,80,312,152,888,377.7270,6235.1630,0.0000,0.0000,0.0000,0.0000,0.0000,0.0000,0.0000,0.0000,0.0000,0.0000,0.0000,0.0000,0.0000,22642.5050
1,256,2624,3600000000000.00,model defined,1671745,16,671760,10926.8304,13672011019,0,0,6357,100.00,0,0.00,0,0.00,0,0,0,0,0,13672011019,1251233.02,0,1671761,1451188,77,624,144,136,96,80,312,152,888,285.5041,8394.5761,0.0000,0.0000,0.0000,0.0000,0.0000,0.0000,0.0000,0.0000,0.0000,0.0000,0.0000,0.0000,0.0000,26160.0372
1,256,2336,3600000000000.00,model defined,1598017,16,598032,9513.2068,13051216470,0,0,6539,100.00,0,0.00,0,0.00,0,0,0,0,0,13051216470,1371905.05,0,1598033,1387095,234,624,144,136,96,80,312,152,888,258.4144,6430.1129,0.0000,0.0000,0.0000,0.0000,0.0000,0.0000,0.0000,0.0000,0.0000,0.0000,0.0000,0.0000,0.0000,22775.9296
1,256,2336,3600000000000.00,model defined,1598017,16,598032,9485.8100,13262258606,0,0,95567,100.00,0,0.00,0,0.00,0,0,0,0,0,13262258606,1398115.56,0,1598033,1387095,234,624,144,136,96,80,312,152,888,219.8683,6383.8105,0.0000,0.0000,0.0000,0.0000,0.0000,0.0000,0.0000,0.0000,0.0000,0.0000,0.0000,0.0000,0.0000,22710.7285
1,256,2336,3600000000000.00,model defined,1598017,16,598032,9644.9306,12991589010,0,0,6130,100.00,0,0.00,0,0.00,0,0,0,0,0,12991589010,1346986.26,0,1598033,1387095,234,624,144,136,96,80,312,152,888,158.4460,6669.3435,0.0000,0.0000,0.0000,0.0000,0.0000,0.0000,0.0000,0.0000,0.0000,0.0000,0.0000,0.0000,0.0000,23091.2004
1,256,2336,3600000000000.00,model defined,1598017,16,598032,9473.3417,13236385931,0,0,55109,100.00,0,0.00,0,0.00,0,0,0,0,0,13236385931,1397224.59,0,1598033,1387095,234,624,144,136,96,80,312,152,888,399.6053,6390.4799,0.0000,0.0000,0.0000,0.0000,0.0000,0.0000,0.0000,0.0000,0.0000,0.0000,0.0000,0.0000,0.0000,22680.4912
1,256,2336,3600000000000.00,model defined,1598017,16,598032,9550.5109,13189928002,0,0,34944,100.00,0,0.00,0,0.00,0,0,0,0,0,13189928002,1381070.41,0,1598033,1387095,234,624,144,136,96,80,312,152,888,255.1287,6401.9259,0.0000,0.0000,0.0000,0.0000,0.0000,0.0000,0.0000,0.0000,0.0000,0.0000,0.0000,0.0000,0.0000,22865.2460
1,256,2336,3600000000000.00,model defined,1598017,16,598032,9604.5451,13014493666,0,0,24051,100.00,0,0.00,0,0.00,0,0,0,0,0,13014493666,1355034.89,0,1598033,1387095,234,624,144,136,96,80,312,152,888,255.9023,6421.3987,0.0000,0.0000,0.0000,0.0000,0.0000,0.0000,0.0000,0.0000,0.0000,0.0000,0.0000,0.0000,0.0000,22994.6658
1,256,2336,3600000000000.00,model defined,1598017,16,598032,9465.0589,12991231907,0,0,17899,100.00,0,0.00,0,0.00,0,0,0,0,0,12991231907,1372546.33,0,1598033,1387095,234,624,144,136,96,80,312,152,888,286.8537,6336.5752,0.0000,0.0000,0.0000,0.0000,0.0000,0.0000,0.0000,0.0000,0.0000,0.0000,0.0000,0.0000,0.0000,22660.4723
1,256,2336,3600000000000.00,model defined,1598017,16,598032,9595.7799,13010474497,0,0,12685,100.00,0,0.00,0,0.00,0,0,0,0,0,13010474497,1355853.78,0,1598033,1387095,234,624,144,136,96,80,312,152,888,375.8721,6490.6340,0.0000,0.0000,0.0000,0.0000,0.0000,0.0000,0.0000,0.0000,0.0000,0.0000,0.0000,0.0000,0.0000,22973.4554
1,256,2336,3600000000000.00,model defined,1598017,16,598032,9488.9146,13016233323,0,0,9959,100.00,0,0.00,0,0.00,0,0,0,0,0,13016233323,1371730.47,0,1598033,1387095,234,624,144,136,96,80,312,152,888,298.1441,6577.5682,0.0000,0.0000,0.0000,0.0000,0.0000,0.0000,0.0000,0.0000,0.0000,0.0000,0.0000,0.0000,0.0000,22717.7933
1,256,2336,3600000000000.00,model defined,1598017,16,598032,9767.9688,13003360072,0,0,7855,100.00,0,0.00,0,0.00,0,0,0,0,0,13003360072,1331224.57,0,1598033,1387095,234,624,144,136,96,80,312,152,888,419.1890,6916.6546,0.0000,0.0000,0.0000,0.0000,0.0000,0.0000,0.0000,0.0000,0.0000,0.0000,0.0000,0.0000,0.0000,23385.6866
1,256,2336,3600000000000.00,model defined,1598017,16,598032,9840.6318,12981903131,0,0,7250,100.00,0,0.00,0,0.00,0,0,0,0,0,12981903131,1319214.40,0,1598033,1387095,234,624,144,136,96,80,312,152,888,131.9094,7135.6957,0.0000,0.0000,0.0000,0.0000,0.0000,0.0000,0.0000,0.0000,0.0000,0.0000,0.0000,0.0000,0.0000,23559.7999
1,256,3200,3600000000000.00,model defined,1819201,16,819216,14625.2054,17739795999,0,0,73234,100.00,0,0.00,0,0.00,0,0,0,0,0,17739795999,1212960.47,0,1819217,1579375,274,624,144,136,96,80,312,152,888,139.1696,8856.9638,0.0000,0.0000,0.0000,0.0000,0.0000,0.0000,0.0000,0.0000,0.0000,0.0000,0.0000,0.0000,0.0000,35014.1896
1,256,3200,3600000000000.00,model defined,1819201,16,819216,14395.7297,17729618687,0,0,28714,100.00,0,0.00,0,0.00,0,0,0,0,0,17729618687,1231588.75,0,1819217,1579375,274,624,144,136,96,80,312,152,888,115.8127,8669.0187,0.0000,0.0000,0.0000,0.0000,0.0000,0.0000,0.0000,0.0000,0.0000,0.0000,0.0000,0.0000,0.0000,34465.0050
1,256,3200,3600000000000.00,model defined,1819201,16,819216,14546.0251,17698358199,0,0,21512,100.00,0,0.00,0,0.00,0,0,0,0,0,17698358199,1216714.40,0,1819217,1579375,274,624,144,136,96,80,312,152,888,104.1530,8787.6571,0.0000,0.0000,0.0000,0.0000,0.0000,0.0000,0.0000,0.0000,0.0000,0.0000,0.0000,0.0000,0.0000,34825.3025
1,256,3200,3600000000000.00,model defined,1819201,16,819216,14884.3991,17736869470,0,0,44482,100.00,0,0.00,0,0.00,0,0,0,0,0,17736869470,1191641.62,0,1819217,1579375,274,624,144,136,96,80,312,152,888,141.5143,8962.6995,0.0000,0.0000,0.0000,0.0000,0.0000,0.0000,0.0000,0.0000,0.0000,0.0000,0.0000,0.0000,0.0000,35635.0295
1,256,4352,3600000000000.00,model defined,2114113,16,1114128,19038.6825,21430046285,0,0,78288,100.00,0,0.00,0,0.00,0,0,0,0,0,21430046285,1125605.53,0,2114129,1835749,156,624,144,136,96,80,312,152,888,551.6307,12125.0903,0.0000,0.0000,0.0000,0.0000,0.0000,0.0000,0.0000,0.0000,0.0000,0.0000,0.0000,0.0000,0.0000,45580.5927
1,256,4352,3600000000000.00,model defined,2114113,16,1114128,19063.4553,21425043095,0,0,49521,100.00,0,0.00,0,0.00,0,0,0,0,0,21425043095,1123880.37,0,2114129,1835749,156,624,144,136,96,80,312,152,888,161.2624,12095.0603,0.0000,0.0000,0.0000,0.0000,0.0000,0.0000,0.0000,0.0000,0.0000,0.0000,0.0000,0.0000,0.0000,45640.2912
1,256,3200,3600000000000.00,model defined,1819201,16,819216,14869.1425,17684690989,0,0,18573,100.00,0,0.00,0,0.00,0,0,0,0,0,17684690989,1189355.14,0,1819217,1579375,274,624,144,136,96,80,312,152,888,132.1249,9047.4568,0.0000,0.0000,0.0000,0.0000,0.0000,0.0000,0.0000,0.0000,0.0000,0.0000,0.0000,0.0000,0.0000,35598.7884
1,256,4352,3600000000000.00,model defined,2114113,16,1114128,18681.5705,21446371671,0,0,36134,100.00,0,0.00,0,0.00,0,0,0,0,0,21446371671,1147996.19,0,2114129,1835749,156,624,144,136,96,80,312,152,888,362.5540,11919.4187,0.0000,0.0000,0.0000,0.0000,0.0000,0.0000,0.0000,0.0000,0.0000,0.0000,0.0000,0.0000,0.0000,44726.0951
1,256,3200,3600000000000.00,model defined,1819201,16,819216,14991.9033,17668449596,0,0,15864,100.00,0,0.00,0,0.00,0,0,0,0,0,17668449596,1178532.79,0,1819217,1579375,274,624,144,136,96,80,312,152,888,129.3319,9268.7586,0.0000,0.0000,0.0000,0.0000,0.0000,0.0000,0.0000,0.0000,0.0000,0.0000,0.0000,0.0000,0.0000,35892.4376
1,256,3200,3600000000000.00,model defined,1819201,16,819216,14806.7893,17829532378,0,0,52472,100.00,0,0.00,0,0.00,0,0,0,0,0,17829532378,1204145.75,0,1819217,1579375,274,624,144,136,96,80,312,152,888,225.5035,9323.4747,0.0000,0.0000,0.0000,0.0000,0.0000,0.0000,0.0000,0.0000,0.0000,0.0000,0.0000,0.0000,0.0000,35448.7594
1,256,3200,3600000000000.00,model defined,1819201,16,819216,15212.2913,17642941226,0,0,14477,100.00,0,0.00,0,0.00,0,0,0,0,0,17642941226,1159781.97,0,1819217,1579375,274,624,144,136,96,80,312,152,888,109.5088,9691.4381,0.0000,0.0000,0.0000,0.0000,0.0000,0.0000,0.0000,0.0000,0.0000,0.0000,0.0000,0.0000,0.0000,36420.3625
1,256,4352,3600000000000.00,model defined,2114113,16,1114128,19265.8874,21415040736,0,0,29136,100.00,0,0.00,0,0.00,0,0,0,0,0,21415040736,1111552.26,0,2114129,1835749,156,624,144,136,96,80,312,152,888,362.6088,12397.5863,0.0000,0.0000,0.0000,0.0000,0.0000,0.0000,0.0000,0.0000,0.0000,0.0000,0.0000,0.0000,0.0000,46125.1139
1,256,4352,3600000000000.00,model defined,2114113,16,1114128,19410.0018,21376410959,0,0,26187,100.00,0,0.00,0,0.00,0,0,0,0,0,21376410959,1101309.07,0,2114129,1835749,156,624,144,136,96,80,312,152,888,218.2091,12548.4011,0.0000,0.0000,0.0000,0.0000,0.0000,0.0000,0.0000,0.0000,0.0000,0.0000,0.0000,0.0000,0.0000,46470.1893
1,256,3200,3600000000000.00,model defined,1819201,16,819216,14781.8482,17820138441,0,0,34429,100.00,0,0.00,0,0.00,0,0,0,0,0,17820138441,1205541.97,0,1819217,1579375,274,624,144,136,96,80,312,152,888,284.9742,9306.1640,0.0000,0.0000,0.0000,0.0000,0.0000,0.0000,0.0000,0.0000,0.0000,0.0000,0.0000,0.0000,0.0000,35389.8655
1,256,4352,3600000000000.00,model defined,2114113,16,1114128,19588.8839,21389791993,0,0,24532,100.00,0,0.00,0,0.00,0,0,0,0,0,21389791993,1091935.21,0,2114129,1835749,156,624,144,136,96,80,312,152,888,96.0437,12854.1808,0.0000,0.0000,0.0000,0.0000,0.0000,0.0000,0.0000,0.0000,0.0000,0.0000,0.0000,0.0000,0.0000,46898.5484
1,256,3200,3600000000000.00,model defined,1819201,16,819216,15563.0433,17614939458,0,0,13712,100.00,0,0.00,0,0.00,0,0,0,0,0,17614939458,1131844.14,0,1819217,1579375,274,624,144,136,96,80,312,152,888,92.6007,10179.0485,0.0000,0.0000,0.0000,0.0000,0.0000,0.0000,0.0000,0.0000,0.0000,0.0000,0.0000,0.0000,0.0000,37259.5791
1,256,4352,3600000000000.00,model defined,2114113,16,1114128,19364.3829,21797727004,0,0,65076,100.00,0,0.00,0,0.00,0,0,0,0,0,21797727004,1125660.82,0,2114129,1835749,156,624,144,136,96,80,312,152,888,228.0659,12785.8826,0.0000,0.0000,0.0000,0.0000,0.0000,0.0000,0.0000,0.0000,0.0000,0.0000,0.0000,0.0000,0.0000,46360.4742
1,256,3200,3600000000000.00,model defined,1819201,16,819216,15562.0943,17565897917,0,0,14157,100.00,0,0.00,0,0.00,0,0,0,0,0,17565897917,1128761.82,0,1819217,1579375,274,624,144,136,96,80,312,152,888,369.2812,10515.1096,0.0000,0.0000,0.0000,0.0000,0.0000,0.0000,0.0000,0.0000,0.0000,0.0000,0.0000,0.0000,0.0000,37257.9319
1,256,4352,3600000000000.00,model defined,2114113,16,1114128,19848.7553,21308618844,0,0,23470,100.00,0,0.00,0,0.00,0,0,0,0,0,21308618844,1073549.37,0,2114129,1835749,156,624,144,136,96,80,312,152,888,115.5457,13318.0841,0.0000,0.0000,0.0000,0.0000,0.0000,0.0000,0.0000,0.0000,0.0000,0.0000,0.0000,0.0000,0.0000,47520.3387
1,256,4352,3600000000000.00,model defined,2114113,16,1114128,20002.8728,21280708358,0,0,23204,100.00,0,0.00,0,0.00,0,0,0,0,0,21280708358,1063882.60,0,2114129,1835749,156,624,144,136,96,80,312,152,888,262.2486,13744.6943,0.0000,0.0000,0.0000,0.0000,0.0000,0.0000,0.0000,0.0000,0.0000,0.0000,0.0000,0.0000,0.0000,47889.1573
1,256,4352,3600000000000.00,model defined,2114113,16,1114128,19422.1195,21767011934,0,0,43851,100.00,0,0.00,0,0.00,0,0,0,0,0,21767011934,1120733.09,0,2114129,1835749,156,624,144,136,96,80,312,152,888,715.8523,12903.9858,0.0000,0.0000,0.0000,0.0000,0.0000,0.0000,0.0000,0.0000,0.0000,0.0000,0.0000,0.0000,0.0000,46499.2398
1,256,4352,3600000000000.00,model defined,2114113,16,1114128,20649.6493,21196379452,0,0,24588,100.00,0,0.00,0,0.00,0,0,0,0,0,21196379452,1026476.48,0,2114129,1835749,156,624,144,136,96,80,312,152,888,262.1185,14493.4294,0.0000,0.0000,0.0000,0.0000,0.0000,0.0000,0.0000,0.0000,0.0000,0.0000,0.0000,0.0000,0.0000,49438.1820
1,256,4352,3600000000000.00,model defined,2114113,16,1114128,20070.4070,21757087464,0,0,31764,100.00,0,0.00,0,0.00,0,0,0,0,0,21757087464,1084038.18,0,2114129,1835749,156,624,144,136,96,80,312,152,888,270.1565,13398.5225,0.0000,0.0000,0.0000,0.0000,0.0000,0.0000,0.0000,0.0000,0.0000,0.0000,0.0000,0.0000,0.0000,48052.1178
1,256,4352,3600000000000.00,model defined,2114113,16,1114128,20124.7864,21768031283,0,0,26152,100.00,0,0.00,0,0.00,0,0,0,0,0,21768031283,1081652.78,0,2114129,1835749,156,624,144,136,96,80,312,152,888,414.2644,13540.8859,0.0000,0.0000,0.0000,0.0000,0.0000,0.0000,0.0000,0.0000,0.0000,0.0000,0.0000,0.0000,0.0000,48181.3280
1,256,4352,3600000000000.00,model defined,2114113,16,1114128,20051.3226,21745850742,0,0,21911,100.00,0,0.00,0,0.00,0,0,0,0,0,21745850742,1084509.54,0,2114129,1835749,156,624,144,136,96,80,312,152,888,431.8780,13653.3595,0.0000,0.0000,0.0000,0.0000,0.0000,0.0000,0.0000,0.0000,0.0000,0.0000,0.0000,0.0000,0.0000,48004.6840
1,256,4352,3600000000000.00,model defined,2114113,16,1114128,20281.1144,21741508555,0,0,23422,100.00,0,0.00,0,0.00,0,0,0,0,0,21741508555,1072007.59,0,2114129,1835749,156,624,144,136,96,80,312,152,888,578.1306,13626.0863,0.0000,0.0000,0.0000,0.0000,0.0000,0.0000,0.0000,0.0000,0.0000,0.0000,0.0000,0.0000,0.0000,48555.8165
1,256,4352,3600000000000.00,model defined,2114113,16,1114128,20742.1907,21734638490,0,0,21066,100.00,0,0.00,0,0.00,0,0,0,0,0,21734638490,1047846.82,0,2114129,1835749,156,624,144,136,96,80,312,152,888,289.9547,14372.6373,0.0000,0.0000,0.0000,0.0000,0.0000,0.0000,0.0000,0.0000,0.0000,0.0000,0.0000,0.0000,0.0000,49659.6810
1,256,4352,3600000000000.00,model defined,2114113,16,1114128,21127.6266,21788428358,0,0,22874,100.00,0,0.00,0,0.00,0,0,0,0,0,21788428358,1031276.67,0,2114129,1835749,156,624,144,136,96,80,312,152,888,91.1571,14919.0890,0.0000,0.0000,0.0000,0.0000,0.0000,0.0000,0.0000,0.0000,0.0000,0.0000,0.0000,0.0000,0.0000,50582.3740
1,256,4352,3600000000000.00,model defined,2114113,16,1114128,21165.7205,21719827531,0,0,24871,100.00,0,0.00,0,0.00,0,0,0,0,0,21719827531,1026179.45,0,2114129,1835749,156,624,144,136,96,80,312,152,888,146.2413,15286.5796,0.0000,0.0000,0.0000,0.0000,0.0000,0.0000,0.0000,0.0000,0.0000,0.0000,0.0000,0.0000,0.0000,50673.7981
1,256,3200,3600000000000.00,model defined,1819201,16,819216,15144.4507,17813921849,0,0,24345,100.00,0,0.00,0,0.00,0,0,0,0,0,17813921849,1176267.28,0,1819217,1579375,274,624,144,136,96,80,312,152,888,192.3650,9573.8808,0.0000,0.0000,0.0000,0.0000,0.0000,0.0000,0.0000,0.0000,0.0000,0.0000,0.0000,0.0000,0.0000,36257.8560
1,256,3200,3600000000000.00,model defined,1819201,16,819216,15504.7824,17805316500,0,0,19514,100.00,0,0.00,0,0.00,0,0,0,0,0,17805316500,1148375.78,0,1819217,1579375,274,624,144,136,96,80,312,152,888,336.9453,9842.9404,0.0000,0.0000,0.0000,0.0000,0.0000,0.0000,0.0000,0.0000,0.0000,0.0000,0.0000,0.0000,0.0000,37120.3066
1,256,2336,3600000000000.00,model defined,1598017,16,598032,5590.5719,7764765178,0,0,26071,100.00,0,0.00,0,0.00,0,0,0,0,0,7764765178,1388903.55,0,1598033,1387095,234,624,144,136,96,80,312,152,888,284.5126,3508.9403,0.0000,0.0000,0.0000,0.0000,0.0000,0.0000,0.0000,0.0000,0.0000,0.0000,0.0000,0.0000,0.0000,13384.5469
1,256,2336,3600000000000.00,model defined,1598017,16,598032,5617.1102,7763477209,0,0,14646,100.00,0,0.00,0,0.00,0,0,0,0,0,7763477209,1382112.32,0,1598033,1387095,234,624,144,136,96,80,312,152,888,368.1193,3500.0613,0.0000,0.0000,0.0000,0.0000,0.0000,0.0000,0.0000,0.0000,0.0000,0.0000,0.0000,0.0000,0.0000,13447.8674
1,256,2336,3600000000000.00,model defined,1598017,16,598032,5637.2350,7760762164,0,0,8580,100.00,0,0.00,0,0.00,0,0,0,0,0,7760762164,1376696.59,0,1598033,1387095,234,624,144,136,96,80,312,152,888,325.2684,3486.8560,0.0000,0.0000,0.0000,0.0000,0.0000,0.0000,0.0000,0.0000,0.0000,0.0000,0.0000,0.0000,0.0000,13496.3237
1,256,2336,3600000000000.00,model defined,1598017,16,598032,5694.1331,7754061104,0,0,5527,100.00,0,0.00,0,0.00,0,0,0,0,0,7754061104,1361763.24,0,1598033,1387095,234,624,144,136,96,80,312,152,888,401.5515,3507.3345,0.0000,0.0000,0.0000,0.0000,0.0000,0.0000,0.0000,0.0000,0.0000,0.0000,0.0000,0.0000,0.0000,13632.5422
1,256,2336,3600000000000.00,model defined,1598017,16,598032,5566.0507,7736296997,0,0,3683,100.00,0,0.00,0,0.00,0,0,0,0,0,7736296997,1389907.75,0,1598033,1387095,234,624,144,136,96,80,312,152,888,275.2334,3544.5774,0.0000,0.0000,0.0000,0.0000,0.0000,0.0000,0.0000,0.0000,0.0000,0.0000,0.0000,0.0000,0.0000,13325.9300
1,256,2336,3600000000000.00,model defined,1598017,16,598032,5567.1523,7747873337,0,0,4791,100.00,0,0.00,0,0.00,0,0,0,0,0,7747873337,1391712.13,0,1598033,1387095,234,624,144,136,96,80,312,152,888,282.3526,3490.5424,0.0000,0.0000,0.0000,0.0000,0.0000,0.0000,0.0000,0.0000,0.0000,0.0000,0.0000,0.0000,0.0000,13328.5086
1,256,2336,3600000000000.00,model defined,1598017,16,598032,5657.1382,7727180941,0,0,3112,100.00,0,0.00,0,0.00,0,0,0,0,0,7727180941,1365916.96,0,1598033,1387095,234,624,144,136,96,80,312,152,888,352.5839,3671.1483,0.0000,0.0000,0.0000,0.0000,0.0000,0.0000,0.0000,0.0000,0.0000,0.0000,0.0000,0.0000,0.0000,13543.9498
1,256,2624,3600000000000.00,model defined,1671745,16,671760,11905.5029,14449473942,0,0,50820,100.00,0,0.00,0,0.00,0,0,0,0,0,14449473942,1213680.27,0,1671761,1451188,77,624,144,136,96,80,312,152,888,267.1717,6987.5033,0.0000,0.0000,0.0000,0.0000,0.0000,0.0000,0.0000,0.0000,0.0000,0.0000,0.0000,0.0000,0.0000,28503.4187
1,256,2336,3600000000000.00,model defined,1598017,16,598032,5735.2711,7710664530,0,0,2766,100.00,0,0.00,0,0.00,0,0,0,0,0,7710664530,1344428.94,0,1598033,1387095,234,624,144,136,96,80,312,152,888,434.7559,3830.7256,0.0000,0.0000,0.0000,0.0000,0.0000,0.0000,0.0000,0.0000,0.0000,0.0000,0.0000,0.0000,0.0000,13730.9230
1,256,2624,3600000000000.00,model defined,1671745,16,671760,12364.9502,14451846497,0,0,85627,100.00,0,0.00,0,0.00,0,0,0,0,0,14451846497,1168775.14,0,1671761,1451188,77,624,144,136,96,80,312,152,888,403.1317,7224.0926,0.0000,0.0000,0.0000,0.0000,0.0000,0.0000,0.0000,0.0000,0.0000,0.0000,0.0000,0.0000,0.0000,29603.2314
1,256,2624,3600000000000.00,model defined,1671745,16,671760,12236.7624,14438066622,0,0,32137,100.00,0,0.00,0,0.00,0,0,0,0,0,14438066622,1179892.70,0,1671761,1451188,77,624,144,136,96,80,312,152,888,324.2410,7143.3044,0.0000,0.0000,0.0000,0.0000,0.0000,0.0000,0.0000,0.0000,0.0000,0.0000,0.0000,0.0000,0.0000,29296.3892
1,256,2624,3600000000000.00,model defined,1671745,16,671760,12216.0266,14418450095,0,0,21947,100.00,0,0.00,0,0.00,0,0,0,0,0,14418450095,1180289.68,0,1671761,1451188,77,624,144,136,96,80,312,152,888,294.8937,7066.6545,0.0000,0.0000,0.0000,0.0000,0.0000,0.0000,0.0000,0.0000,0.0000,0.0000,0.0000,0.0000,0.0000,29246.6474
1,256,2624,3600000000000.00,model defined,1671745,16,671760,12320.1182,14402248910,0,0,17088,100.00,0,0.00,0,0.00,0,0,0,0,0,14402248910,1169002.49,0,1671761,1451188,77,624,144,136,96,80,312,152,888,630.2977,7158.1534,0.0000,0.0000,0.0000,0.0000,0.0000,0.0000,0.0000,0.0000,0.0000,0.0000,0.0000,0.0000,0.0000,29496.0082
1,256,2624,3600000000000.00,model defined,1671745,16,671760,12183.3800,14354227666,0,0,11284,100.00,0,0.00,0,0.00,0,0,0,0,0,14354227666,1178181.07,0,1671761,1451188,77,624,144,136,96,80,312,152,888,406.3944,7439.6684,0.0000,0.0000,0.0000,0.0000,0.0000,0.0000,0.0000,0.0000,0.0000,0.0000,0.0000,0.0000,0.0000,29168.7569
1,256,2624,3600000000000.00,model defined,1671745,16,671760,12458.0290,14378173738,0,0,13712,100.00,0,0.00,0,0.00,0,0,0,0,0,14378173738,1154129.09,0,1671761,1451188,77,624,144,136,96,80,312,152,888,342.6461,7409.6875,0.0000,0.0000,0.0000,0.0000,0.0000,0.0000,0.0000,0.0000,0.0000,0.0000,0.0000,0.0000,0.0000,29826.2129
1,256,2624,3600000000000.00,model defined,1671745,16,671760,12217.3650,14326017633,0,0,72227,100.00,0,0.00,0,0.00,0,0,0,0,0,14326017633,1172594.72,0,1671761,1451188,77,624,144,136,96,80,312,152,888,97.3518,7159.0818,0.0000,0.0000,0.0000,0.0000,0.0000,0.0000,0.0000,0.0000,0.0000,0.0000,0.0000,0.0000,0.0000,29249.7209
1,256,2624,3600000000000.00,model defined,1671745,16,671760,12443.5366,14313627431,0,0,10176,100.00,0,0.00,0,0.00,0,0,0,0,0,14313627431,1150286.12,0,1671761,1451188,77,624,144,136,96,80,312,152,888,269.0099,7843.2039,0.0000,0.0000,0.0000,0.0000,0.0000,0.0000,0.0000,0.0000,0.0000,0.0000,0.0000,0.0000,0.0000,29791.5770
1,256,2624,3600000000000.00,model defined,1671745,16,671760,12492.4969,14260522409,0,0,10230,100.00,0,0.00,0,0.00,0,0,0,0,0,14260522409,1141526.99,0,1671761,1451188,77,624,144,136,96,80,312,152,888,178.9154,8101.6254,0.0000,0.0000,0.0000,0.0000,0.0000,0.0000,0.0000,0.0000,0.0000,0.0000,0.0000,0.0000,0.0000,29908.3581
1,256,2624,3600000000000.00,model defined,1671745,16,671760,12220.0749,14317572418,0,0,42628,100.00,0,0.00,0,0.00,0,0,0,0,0,14317572418,1171643.59,0,1671761,1451188,77,624,144,136,96,80,312,152,888,445.6992,7146.9615,0.0000,0.0000,0.0000,0.0000,0.0000,0.0000,0.0000,0.0000,0.0000,0.0000,0.0000,0.0000,0.0000,29256.6415
1,256,2624,3600000000000.00,model defined,1671745,16,671760,12304.3142,14308020476,0,0,28162,100.00,0,0.00,0,0.00,0,0,0,0,0,14308020476,1162845.83,0,1671761,1451188,77,624,144,136,96,80,312,152,888,344.7291,7218.9437,0.0000,0.0000,0.0000,0.0000,0.0000,0.0000,0.0000,0.0000,0.0000,0.0000,0.0000,0.0000,0.0000,29458.0215
1,256,2624,3600000000000.00,model defined,1671745,16,671760,12441.6461,14290847822,0,0,20295,100.00,0,0.00,0,0.00,0,0,0,0,0,14290847822,1148629.99,0,1671761,1451188,77,624,144,136,96,80,312,152,888,350.9400,7316.2934,0.0000,0.0000,0.0000,0.0000,0.0000,0.0000,0.0000,0.0000,0.0000,0.0000,0.0000,0.0000,0.0000,29786.7154
1,256,3200,3600000000000.00,model defined,1819201,16,819216,15399.2952,17776529566,0,0,17394,100.00,0,0.00,0,0.00,0,0,0,0,0,17776529566,1154372.93,0,1819217,1579375,274,624,144,136,96,80,312,152,888,700.9902,9861.8703,0.0000,0.0000,0.0000,0.0000,0.0000,0.0000,0.0000,0.0000,0.0000,0.0000,0.0000,0.0000,0.0000,36867.4329
1,256,2624,3600000000000.00,model defined,1671745,16,671760,12071.4312,14263918868,0,0,17017,100.00,0,0.00,0,0.00,0,0,0,0,0,14263918868,1181626.15,0,1671761,1451188,77,624,144,136,96,80,312,152,888,990.0700,7147.7520,0.0000,0.0000,0.0000,0.0000,0.0000,0.0000,0.0000,0.0000,0.0000,0.0000,0.0000,0.0000,0.0000,28900.6734
1,256,3200,3600000000000.00,model defined,1819201,16,819216,15515.7661,17748255445,0,0,15888,100.00,0,0.00,0,0.00,0,0,0,0,0,17748255445,1143885.22,0,1819217,1579375,274,624,144,136,96,80,312,152,888,413.2576,10080.4493,0.0000,0.0000,0.0000,0.0000,0.0000,0.0000,0.0000,0.0000,0.0000,0.0000,0.0000,0.0000,0.0000,37146.4933
1,256,2336,3600000000000.00,model defined,1598017,16,598032,5650.4214,7682594102,0,0,2756,100.00,0,0.00,0,0.00,0,0,0,0,0,7682594102,1359649.77,0,1598033,1387095,234,624,144,136,96,80,312,152,888,297.2085,3887.9193,0.0000,0.0000,0.0000,0.0000,0.0000,0.0000,0.0000,0.0000,0.0000,0.0000,0.0000,0.0000,0.0000,13527.8356
1,256,2624,3600000000000.00,model defined,1671745,16,671760,12204.1201,14224594710,0,0,14470,100.00,0,0.00,0,0.00,0,0,0,0,0,14224594710,1165556.76,0,1671761,1451188,77,624,144,136,96,80,312,152,888,807.8316,7328.4133,0.0000,0.0000,0.0000,0.0000,0.0000,0.0000,0.0000,0.0000,0.0000,0.0000,0.0000,0.0000,0.0000,29218.3876
1,256,3200,3600000000000.00,model defined,1819201,16,819216,15703.6294,17586077527,0,0,14164,100.00,0,0.00,0,0.00,0,0,0,0,0,17586077527,1119873.44,0,1819217,1579375,274,624,144,136,96,80,312,152,888,130.4314,10730.9489,0.0000,0.0000,0.0000,0.0000,0.0000,0.0000,0.0000,0.0000,0.0000,0.0000,0.0000,0.0000,0.0000,37596.3585
1,256,3200,3600000000000.00,model defined,1819201,16,819216,15710.8866,17686675837,0,0,14687,100.00,0,0.00,0,0.00,0,0,0,0,0,17686675837,1125759.24,0,1819217,1579375,274,624,144,136,96,80,312,152,888,261.8459,10439.7493,0.0000,0.0000,0.0000,0.0000,0.0000,0.0000,0.0000,0.0000,0.0000,0.0000,0.0000,0.0000,0.0000,37614.1447
1,256,2624,3600000000000.00,model defined,1671745,16,671760,12343.0797,14187789514,0,0,12521,100.00,0,0.00,0,0.00,0,0,0,0,0,14187789514,1149452.96,0,1671761,1451188,77,624,144,136,96,80,312,152,888,506.1097,7580.4917,0.0000,0.0000,0.0000,0.0000,0.0000,0.0000,0.0000,0.0000,0.0000,0.0000,0.0000,0.0000,0.0000,29551.0646
1,256,2624,3600000000000.00,model defined,1671745,16,671760,12322.4002,14147124157,0,0,11466,100.00,0,0.00,0,0.00,0,0,0,0,0,14147124157,1148081.86,0,1671761,1451188,77,624,144,136,96,80,312,152,888,549.1695,7780.4460,0.0000,0.0000,0.0000,0.0000,0.0000,0.0000,0.0000,0.0000,0.0000,0.0000,0.0000,0.0000,0.0000,29500.9110
1,256,2336,3600000000000.00,model defined,1598017,16,598032,5540.3047,7726841250,0,0,27894,100.00,0,0.00,0,0.00,0,0,0,0,0,7726841250,1394659.98,0,1598033,1387095,234,624,144,136,96,80,312,152,888,416.2268,3490.1400,0.0000,0.0000,0.0000,0.0000,0.0000,0.0000,0.0000,0.0000,0.0000,0.0000,0.0000,0.0000,0.0000,13263.9902
1,256,2624,3600000000000.00,model defined,1671745,16,671760,12523.1183,14071491094,0,0,10646,100.00,0,0.00,0,0.00,0,0,0,0,0,14071491094,1123641.16,0,1671761,1451188,77,624,144,136,96,80,312,152,888,269.5628,8176.0828,0.0000,0.0000,0.0000,0.0000,0.0000,0.0000,0.0000,0.0000,0.0000,0.0000,0.0000,0.0000,0.0000,29982.5628
1,256,2336,3600000000000.00,model defined,1598017,16,598032,5544.9068,7724366985,0,0,15340,100.00,0,0.00,0,0.00,0,0,0,0,0,7724366985,1393056.24,0,1598033,1387095,234,624,144,136,96,80,312,152,888,275.2512,3452.5714,0.0000,0.0000,0.0000,0.0000,0.0000,0.0000,0.0000,0.0000,0.0000,0.0000,0.0000,0.0000,0.0000,13275.2784
1,256,3200,3600000000000.00,model defined,1819201,16,819216,15730.5160,17432469967,0,0,14936,100.00,0,0.00,0,0.00,0,0,0,0,0,17432469967,1108194.41,0,1819217,1579375,274,624,144,136,96,80,312,152,888,546.4870,10974.5188,0.0000,0.0000,0.0000,0.0000,0.0000,0.0000,0.0000,0.0000,0.0000,0.0000,0.0000,0.0000,0.0000,37660.4984
1,256,2336,3600000000000.00,model defined,1598017,16,598032,5665.2082,7720886063,0,0,8959,100.00,0,0.00,0,0.00,0,0,0,0,0,7720886063,1362860.08,0,1598033,1387095,234,624,144,136,96,80,312,152,888,489.3360,3507.4315,0.0000,0.0000,0.0000,0.0000,0.0000,0.0000,0.0000,0.0000,0.0000,0.0000,0.0000,0.0000,0.0000,13563.2955
1,256,2336,3600000000000.00,model defined,1598017,16,598032,5635.8507,7690102038,0,0,5271,100.00,0,0.00,0,0.00,0,0,0,0,0,7690102038,1364497.11,0,1598033,1387095,234,624,144,136,96,80,312,152,888,266.9341,3531.5759,0.0000,0.0000,0.0000,0.0000,0.0000,0.0000,0.0000,0.0000,0.0000,0.0000,0.0000,0.0000,0.0000,13493.0422
1,256,2336,3600000000000.00,model defined,1598017,16,598032,5638.7495,7709537930,0,0,6043,100.00,0,0.00,0,0.00,0,0,0,0,0,7709537930,1367242.50,0,1598033,1387095,234,624,144,136,96,80,312,152,888,276.2571,3503.6525,0.0000,0.0000,0.0000,0.0000,0.0000,0.0000,0.0000,0.0000,0.0000,0.0000,0.0000,0.0000,0.0000,13499.9217
1,256,2336,3600000000000.00,model defined,1598017,16,598032,5563.8386,7660840417,0,0,4454,100.00,0,0.00,0,0.00,0,0,0,0,0,7660840417,1376898.39,0,1598033,1387095,234,624,144,136,96,80,312,152,888,774.5440,3523.7099,0.0000,0.0000,0.0000,0.0000,0.0000,0.0000,0.0000,0.0000,0.0000,0.0000,0.0000,0.0000,0.0000,13320.5794
1,256,2336,3600000000000.00,model defined,1598017,16,598032,5547.3146,7627111947,0,0,3196,100.00,0,0.00,0,0.00,0,0,0,0,0,7627111947,1374919.68,0,1598033,1387095,234,624,144,136,96,80,312,152,888,350.7205,3663.7894,0.0000,0.0000,0.0000,0.0000,0.0000,0.0000,0.0000,0.0000,0.0000,0.0000,0.0000,0.0000,0.0000,13281.0376
1,256,2336,3600000000000.00,model defined,1598017,16,598032,5634.8365,7640918075,0,0,3645,100.00,0,0.00,0,0.00,0,0,0,0,0,7640918075,1356014.15,0,1598033,1387095,234,624,144,136,96,80,312,152,888,196.7830,3599.2000,0.0000,0.0000,0.0000,0.0000,0.0000,0.0000,0.0000,0.0000,0.0000,0.0000,0.0000,0.0000,0.0000,13490.4737
1,256,2336,3600000000000.00,model defined,1598017,16,598032,5501.6843,7609162277,0,0,2858,100.00,0,0.00,0,0.00,0,0,0,0,0,7609162277,1383060.52,0,1598033,1387095,234,624,144,136,96,80,312,152,888,356.9676,3724.2497,0.0000,0.0000,0.0000,0.0000,0.0000,0.0000,0.0000,0.0000,0.0000,0.0000,0.0000,0.0000,0.0000,13171.7224
