total_pe,total_kp,total_lp,end_ts,mapping,model_events,network_events,total_events,runtime,events_processed,events_aborted,events_rb,pe_event_ties,eff,send_loc_remote,percent_loc,send_net_remote,percent_net,rb_total,rb_primary,rb_secondary,fc_attempts,num_gvt,net_events,event_rate,events_past_end,event_alloc,memory_alloc,memory_wasted,remote_sends,remote_recvs,pe_struct,kp_struct,lp_struct,lp_model_struct,lp_rngs,total_lp_size,event_struct,event_struct_model,init_time,pq_time,avl_time,lz4_time,buddy_time,event_proc_time,event_cancel_time,event_abort_time,gvt_time,fc_time,primary_rb_time,net_read_time,net_other_time,inst_comp_time,inst_write_time,total_time
1,256,4480,3600000000000.00,model defined,2146881,16,1146896,14762.9589,22414499217,0,0,62479,100.00,0,0.00,0,0.00,0,0,0,0,0,22414499217,1518293.14,0,2146897,1397707,53,640,144,136,8376,80,8592,152,664,1824.3817,13683.7895,0.0000,0.0000,0.0000,0.0000,0.0000,0.0000,0.0000,0.0000,0.0000,0.0000,0.0000,0.0000,0.0000,35344.4307
1,256,4480,3600000000000.00,model defined,2146881,16,1146896,14725.4238,22396518315,0,0,24943,100.00,0,0.00,0,0.00,0,0,0,0,0,22396518315,1520942.19,0,2146897,1397707,53,640,144,136,8376,80,8592,152,664,1364.6992,13641.0567,0.0000,0.0000,0.0000,0.0000,0.0000,0.0000,0.0000,0.0000,0.0000,0.0000,0.0000,0.0000,0.0000,35254.7168
1,256,4480,3600000000000.00,model defined,2146881,16,1146896,14821.0401,22413905323,0,0,40328,100.00,0,0.00,0,0.00,0,0,0,0,0,22413905323,1512303.13,0,2146897,1397707,53,640,144,136,8376,80,8592,152,664,1648.9007,13704.1216,0.0000,0.0000,0.0000,0.0000,0.0000,0.0000,0.0000,0.0000,0.0000,0.0000,0.0000,0.0000,0.0000,35483.0929
1,256,4480,3600000000000.00,model defined,2146881,16,1146896,14916.4554,22410478392,0,0,29882,100.00,0,0.00,0,0.00,0,0,0,0,0,22410478392,1502399.72,0,2146897,1397707,53,640,144,136,8376,80,8592,152,664,1492.3011,13883.6794,0.0000,0.0000,0.0000,0.0000,0.0000,0.0000,0.0000,0.0000,0.0000,0.0000,0.0000,0.0000,0.0000,35711.9839
1,256,3264,3600000000000.00,model defined,1835585,16,835600,11394.8055,17871005231,0,0,40424,100.00,0,0.00,0,0.00,0,0,0,0,0,17871005231,1568346.66,0,1835601,1193633,222,640,144,136,8376,80,8592,152,664,100.5426,10315.6226,0.0000,0.0000,0.0000,0.0000,0.0000,0.0000,0.0000,0.0000,0.0000,0.0000,0.0000,0.0000,0.0000,27280.7377
1,256,3264,3600000000000.00,model defined,1835585,16,835600,11576.2317,17876578021,0,0,64651,100.00,0,0.00,0,0.00,0,0,0,0,0,17876578021,1544248.47,0,1835601,1193633,222,640,144,136,8376,80,8592,152,664,97.5979,10531.6294,0.0000,0.0000,0.0000,0.0000,0.0000,0.0000,0.0000,0.0000,0.0000,0.0000,0.0000,0.0000,0.0000,27714.7755
1,256,3264,3600000000000.00,model defined,1835585,16,835600,11378.5986,17823470374,0,0,20924,100.00,0,0.00,0,0.00,0,0,0,0,0,17823470374,1566402.95,0,1835601,1193633,222,640,144,136,8376,80,8592,152,664,123.1092,10270.2858,0.0000,0.0000,0.0000,0.0000,0.0000,0.0000,0.0000,0.0000,0.0000,0.0000,0.0000,0.0000,0.0000,27241.8985
1,256,3264,3600000000000.00,model defined,1835585,16,835600,11587.5972,17857134860,0,0,27578,100.00,0,0.00,0,0.00,0,0,0,0,0,17857134860,1541055.88,0,1835601,1193633,222,640,144,136,8376,80,8592,152,664,100.3609,10501.8285,0.0000,0.0000,0.0000,0.0000,0.0000,0.0000,0.0000,0.0000,0.0000,0.0000,0.0000,0.0000,0.0000,27742.1984
1,256,3264,3600000000000.00,model defined,1835585,16,835600,11586.2730,17773222764,0,0,16920,100.00,0,0.00,0,0.00,0,0,0,0,0,17773222764,1533989.65,0,1835601,1193633,222,640,144,136,8376,80,8592,152,664,101.0677,10249.0577,0.0000,0.0000,0.0000,0.0000,0.0000,0.0000,0.0000,0.0000,0.0000,0.0000,0.0000,0.0000,0.0000,27739.0139
1,256,3264,3600000000000.00,model defined,1835585,16,835600,11554.8120,17704295137,0,0,13122,100.00,0,0.00,0,0.00,0,0,0,0,0,17704295137,1532201.06,0,1835601,1193633,222,640,144,136,8376,80,8592,152,664,118.8047,10459.5866,0.0000,0.0000,0.0000,0.0000,0.0000,0.0000,0.0000,0.0000,0.0000,0.0000,0.0000,0.0000,0.0000,27663.4443
1,256,3264,3600000000000.00,model defined,1835585,16,835600,11176.8338,17067515507,0,0,28528,100.00,0,0.00,0,0.00,0,0,0,0,0,17067515507,1527043.86,0,1835601,1193633,222,640,144,136,8376,80,8592,152,664,125.7414,10669.8324,0.0000,0.0000,0.0000,0.0000,0.0000,0.0000,0.0000,0.0000,0.0000,0.0000,0.0000,0.0000,0.0000,26758.7945
1,256,3264,3600000000000.00,model defined,1835585,16,835600,11444.0877,17041775580,0,0,14144,100.00,0,0.00,0,0.00,0,0,0,0,0,17041775580,1489133.61,0,1835601,1193633,222,640,144,136,8376,80,8592,152,664,105.3272,11044.4726,0.0000,0.0000,0.0000,0.0000,0.0000,0.0000,0.0000,0.0000,0.0000,0.0000,0.0000,0.0000,0.0000,27398.5322
1,256,3264,3600000000000.00,model defined,1835585,16,835600,11239.0635,17012816409,0,0,12532,100.00,0,0.00,0,0.00,0,0,0,0,0,17012816409,1513721.89,0,1835601,1193633,222,640,144,136,8376,80,8592,152,664,247.6916,10850.9133,0.0000,0.0000,0.0000,0.0000,0.0000,0.0000,0.0000,0.0000,0.0000,0.0000,0.0000,0.0000,0.0000,26907.2984
1,256,3264,3600000000000.00,model defined,1835585,16,835600,11513.7404,17060744048,0,0,18765,100.00,0,0.00,0,0.00,0,0,0,0,0,17060744048,1481772.51,0,1835601,1193633,222,640,144,136,8376,80,8592,152,664,105.3822,11068.7900,0.0000,0.0000,0.0000,0.0000,0.0000,0.0000,0.0000,0.0000,0.0000,0.0000,0.0000,0.0000,0.0000,27564.9355
1,256,3264,3600000000000.00,model defined,1835585,16,835600,11912.9084,17649827495,0,0,11772,100.00,0,0.00,0,0.00,0,0,0,0,0,17649827495,1481571.66,0,1835601,1193633,222,640,144,136,8376,80,8592,152,664,241.1413,11048.0708,0.0000,0.0000,0.0000,0.0000,0.0000,0.0000,0.0000,0.0000,0.0000,0.0000,0.0000,0.0000,0.0000,28520.6771
1,256,2656,3600000000000.00,model defined,1679937,16,679952,10723.5933,17110040955,0,0,66217,100.00,0,0.00,0,0.00,0,0,0,0,0,17110040955,1595551.09,0,1679953,1091596,307,640,144,136,8376,80,8592,152,664,176.7661,9460.9771,0.0000,0.0000,0.0000,0.0000,0.0000,0.0000,0.0000,0.0000,0.0000,0.0000,0.0000,0.0000,0.0000,25673.7055
1,256,3264,3600000000000.00,model defined,1835585,16,835600,11413.1389,16975166350,0,0,12159,100.00,0,0.00,0,0.00,0,0,0,0,0,16975166350,1487335.48,0,1835601,1193633,222,640,144,136,8376,80,8592,152,664,109.2383,10834.0795,0.0000,0.0000,0.0000,0.0000,0.0000,0.0000,0.0000,0.0000,0.0000,0.0000,0.0000,0.0000,0.0000,27324.7044
1,256,2656,3600000000000.00,model defined,1679937,16,679952,10886.3745,17114923198,0,0,113251,100.00,0,0.00,0,0.00,0,0,0,0,0,17114923198,1572141.69,0,1679953,1091596,307,640,144,136,8376,80,8592,152,664,110.8356,9582.6283,0.0000,0.0000,0.0000,0.0000,0.0000,0.0000,0.0000,0.0000,0.0000,0.0000,0.0000,0.0000,0.0000,26063.1105
1,256,3264,3600000000000.00,model defined,1835585,16,835600,11068.0078,16934954065,0,0,11803,100.00,0,0.00,0,0.00,0,0,0,0,0,16934954065,1530081.50,0,1835601,1193633,222,640,144,136,8376,80,8592,152,664,280.1695,10735.6528,0.0000,0.0000,0.0000,0.0000,0.0000,0.0000,0.0000,0.0000,0.0000,0.0000,0.0000,0.0000,0.0000,26498.3723
1,256,3264,3600000000000.00,model defined,1835585,16,835600,12117.2911,17611445916,0,0,13255,100.00,0,0.00,0,0.00,0,0,0,0,0,17611445916,1453414.44,0,1835601,1193633,222,640,144,136,8376,80,8592,152,664,174.2574,11444.0110,0.0000,0.0000,0.0000,0.0000,0.0000,0.0000,0.0000,0.0000,0.0000,0.0000,0.0000,0.0000,0.0000,29010.5038
1,256,2656,3600000000000.00,model defined,1679937,16,679952,10795.6921,17027598825,0,0,24951,100.00,0,0.00,0,0.00,0,0,0,0,0,17027598825,1577258.65,0,1679953,1091596,307,640,144,136,8376,80,8592,152,664,107.0312,9287.9218,0.0000,0.0000,0.0000,0.0000,0.0000,0.0000,0.0000,0.0000,0.0000,0.0000,0.0000,0.0000,0.0000,25846.0254
1,256,2656,3600000000000.00,model defined,1679937,16,679952,10839.3371,17098100108,0,0,42886,100.00,0,0.00,0,0.00,0,0,0,0,0,17098100108,1577411.97,0,1679953,1091596,307,640,144,136,8376,80,8592,152,664,248.4396,9542.7241,0.0000,0.0000,0.0000,0.0000,0.0000,0.0000,0.0000,0.0000,0.0000,0.0000,0.0000,0.0000,0.0000,25950.6071
1,256,2656,3600000000000.00,model defined,1679937,16,679952,10936.8733,17073064752,0,0,31122,100.00,0,0.00,0,0.00,0,0,0,0,0,17073064752,1561055.37,0,1679953,1091596,307,640,144,136,8376,80,8592,152,664,173.2839,9484.5507,0.0000,0.0000,0.0000,0.0000,0.0000,0.0000,0.0000,0.0000,0.0000,0.0000,0.0000,0.0000,0.0000,26184.3405
1,256,3264,3600000000000.00,model defined,1835585,16,835600,12365.2709,17571187700,0,0,14566,100.00,0,0.00,0,0.00,0,0,0,0,0,17571187700,1421011.14,0,1835601,1193633,222,640,144,136,8376,80,8592,152,664,208.7548,11829.2520,0.0000,0.0000,0.0000,0.0000,0.0000,0.0000,0.0000,0.0000,0.0000,0.0000,0.0000,0.0000,0.0000,29604.2878
1,256,3264,3600000000000.00,model defined,1835585,16,835600,11482.6581,16927314677,0,0,12996,100.00,0,0.00,0,0.00,0,0,0,0,0,16927314677,1474163.43,0,1835601,1193633,222,640,144,136,8376,80,8592,152,664,146.9507,11617.2916,0.0000,0.0000,0.0000,0.0000,0.0000,0.0000,0.0000,0.0000,0.0000,0.0000,0.0000,0.0000,0.0000,27491.0699
1,256,3264,3600000000000.00,model defined,1835585,16,835600,11510.0496,16928393246,0,0,12857,100.00,0,0.00,0,0.00,0,0,0,0,0,16928393246,1470748.94,0,1835601,1193633,222,640,144,136,8376,80,8592,152,664,100.0798,11466.2153,0.0000,0.0000,0.0000,0.0000,0.0000,0.0000,0.0000,0.0000,0.0000,0.0000,0.0000,0.0000,0.0000,27556.6716
1,256,3264,3600000000000.00,model defined,1835585,16,835600,11629.5311,16927515482,0,0,13051,100.00,0,0.00,0,0.00,0,0,0,0,0,16927515482,1455563.02,0,1835601,1193633,222,640,144,136,8376,80,8592,152,664,100.3586,11793.9651,0.0000,0.0000,0.0000,0.0000,0.0000,0.0000,0.0000,0.0000,0.0000,0.0000,0.0000,0.0000,0.0000,27842.5944
1,256,2656,3600000000000.00,model defined,1679937,16,679952,10805.3424,16955961226,0,0,15957,100.00,0,0.00,0,0.00,0,0,0,0,0,16955961226,1569220.17,0,1679953,1091596,307,640,144,136,8376,80,8592,152,664,649.8345,9431.7800,0.0000,0.0000,0.0000,0.0000,0.0000,0.0000,0.0000,0.0000,0.0000,0.0000,0.0000,0.0000,0.0000,25869.4265
1,256,4480,3600000000000.00,model defined,2146881,16,1146896,14930.9686,22370609494,0,0,22668,100.00,0,0.00,0,0.00,0,0,0,0,0,22370609494,1498269.14,0,2146897,1397707,53,640,144,136,8376,80,8592,152,664,649.9189,13556.7894,0.0000,0.0000,0.0000,0.0000,0.0000,0.0000,0.0000,0.0000,0.0000,0.0000,0.0000,0.0000,0.0000,35746.7406
1,256,4480,3600000000000.00,model defined,2146881,16,1146896,14727.1556,21660681238,0,0,45000,100.00,0,0.00,0,0.00,0,0,0,0,0,21660681238,1470798.70,0,2146897,1397707,53,640,144,136,8376,80,8592,152,664,92.9744,14570.9022,0.0000,0.0000,0.0000,0.0000,0.0000,0.0000,0.0000,0.0000,0.0000,0.0000,0.0000,0.0000,0.0000,35258.8193
1,256,4480,3600000000000.00,model defined,2146881,16,1146896,14761.2332,21660810348,0,0,29998,100.00,0,0.00,0,0.00,0,0,0,0,0,21660810348,1467411.97,0,2146897,1397707,53,640,144,136,8376,80,8592,152,664,93.1238,14694.6091,0.0000,0.0000,0.0000,0.0000,0.0000,0.0000,0.0000,0.0000,0.0000,0.0000,0.0000,0.0000,0.0000,35340.1602
1,256,4480,3600000000000.00,model defined,2146881,16,1146896,14942.4914,22325603456,0,0,20090,100.00,0,0.00,0,0.00,0,0,0,0,0,22325603456,1494101.81,0,2146897,1397707,53,640,144,136,8376,80,8592,152,664,371.4362,13949.2321,0.0000,0.0000,0.0000,0.0000,0.0000,0.0000,0.0000,0.0000,0.0000,0.0000,0.0000,0.0000,0.0000,35774.1078
1,256,4480,3600000000000.00,model defined,2146881,16,1146896,15116.9332,21660670857,0,0,21463,100.00,0,0.00,0,0.00,0,0,0,0,0,21660670857,1432874.69,0,2146897,1397707,53,640,144,136,8376,80,8592,152,664,94.2435,15118.9818,0.0000,0.0000,0.0000,0.0000,0.0000,0.0000,0.0000,0.0000,0.0000,0.0000,0.0000,0.0000,0.0000,36192.2067
1,256,4480,3600000000000.00,model defined,2146881,16,1146896,15240.9053,22278075239,0,0,19702,100.00,0,0.00,0,0.00,0,0,0,0,0,22278075239,1461729.13,0,2146897,1397707,53,640,144,136,8376,80,8592,152,664,373.4935,14589.6970,0.0000,0.0000,0.0000,0.0000,0.0000,0.0000,0.0000,0.0000,0.0000,0.0000,0.0000,0.0000,0.0000,36488.8524
1,256,4480,3600000000000.00,model defined,2146881,16,1146896,15101.6325,21661053395,0,0,19280,100.00,0,0.00,0,0.00,0,0,0,0,0,21661053395,1434351.78,0,2146897,1397707,53,640,144,136,8376,80,8592,152,664,96.6176,15094.5853,0.0000,0.0000,0.0000,0.0000,0.0000,0.0000,0.0000,0.0000,0.0000,0.0000,0.0000,0.0000,0.0000,36155.2035
1,256,4480,3600000000000.00,model defined,2146881,16,1146896,15111.3125,21660487574,0,0,19795,100.00,0,0.00,0,0.00,0,0,0,0,0,21660487574,1433395.51,0,2146897,1397707,53,640,144,136,8376,80,8592,152,664,96.3376,14814.3550,0.0000,0.0000,0.0000,0.0000,0.0000,0.0000,0.0000,0.0000,0.0000,0.0000,0.0000,0.0000,0.0000,36178.6763
1,256,4480,3600000000000.00,model defined,2146881,16,1146896,15714.2101,22224022066,0,0,22338,100.00,0,0.00,0,0.00,0,0,0,0,0,22224022066,1414262.75,0,2146897,1397707,53,640,144,136,8376,80,8592,152,664,112.7662,15282.2969,0.0000,0.0000,0.0000,0.0000,0.0000,0.0000,0.0000,0.0000,0.0000,0.0000,0.0000,0.0000,0.0000,37621.9909
1,256,4480,3600000000000.00,model defined,2146881,16,1146896,15536.3799,21659912467,0,0,19816,100.00,0,0.00,0,0.00,0,0,0,0,0,21659912467,1394141.53,0,2146897,1397707,53,640,144,136,8376,80,8592,152,664,92.2520,15648.3018,0.0000,0.0000,0.0000,0.0000,0.0000,0.0000,0.0000,0.0000,0.0000,0.0000,0.0000,0.0000,0.0000,37196.2893
1,256,4480,3600000000000.00,model defined,2146881,16,1146896,15852.6997,22190718844,0,0,22568,100.00,0,0.00,0,0.00,0,0,0,0,0,22190718844,1399806.92,0,2146897,1397707,53,640,144,136,8376,80,8592,152,664,112.8356,15569.6833,0.0000,0.0000,0.0000,0.0000,0.0000,0.0000,0.0000,0.0000,0.0000,0.0000,0.0000,0.0000,0.0000,37953.1528
1,256,4480,3600000000000.00,model defined,2146881,16,1146896,15913.9177,21659937259,0,0,21406,100.00,0,0.00,0,0.00,0,0,0,0,0,21659937259,1361068.82,0,2146897,1397707,53,640,144,136,8376,80,8592,152,664,93.4886,16334.3196,0.0000,0.0000,0.0000,0.0000,0.0000,0.0000,0.0000,0.0000,0.0000,0.0000,0.0000,0.0000,0.0000,38099.8565
1,256,4480,3600000000000.00,model defined,2146881,16,1146896,16108.2022,21687236134,0,0,21025,100.00,0,0.00,0,0.00,0,0,0,0,0,21687236134,1346347.40,0,2146897,1397707,53,640,144,136,8376,80,8592,152,664,97.7872,16611.4121,0.0000,0.0000,0.0000,0.0000,0.0000,0.0000,0.0000,0.0000,0.0000,0.0000,0.0000,0.0000,0.0000,38565.3984
1,256,4480,3600000000000.00,model defined,2146881,16,1146896,16184.1061,21660039369,0,0,25371,100.00,0,0.00,0,0.00,0,0,0,0,0,21660039369,1338352.53,0,2146897,1397707,53,640,144,136,8376,80,8592,152,664,98.0431,16787.0332,0.0000,0.0000,0.0000,0.0000,0.0000,0.0000,0.0000,0.0000,0.0000,0.0000,0.0000,0.0000,0.0000,38746.9290
1,256,2352,3600000000000.00,model defined,1602113,16,602128,7840.8675,12843262909,0,0,79564,100.00,0,0.00,0,0.00,0,0,0,0,0,12843262909,1637990.05,0,1602129,1040578,350,640,144,136,8376,80,8592,152,664,176.6985,6650.5176,0.0000,0.0000,0.0000,0.0000,0.0000,0.0000,0.0000,0.0000,0.0000,0.0000,0.0000,0.0000,0.0000,18771.8540
1,256,2352,3600000000000.00,model defined,1602113,16,602128,7844.7427,12838923488,0,0,45811,100.00,0,0.00,0,0.00,0,0,0,0,0,12838923488,1636627.73,0,1602129,1040578,350,640,144,136,8376,80,8592,152,664,247.5112,6672.5215,0.0000,0.0000,0.0000,0.0000,0.0000,0.0000,0.0000,0.0000,0.0000,0.0000,0.0000,0.0000,0.0000,18781.4228
1,256,2352,3600000000000.00,model defined,1602113,16,602128,7797.3639,12797580504,0,0,20282,100.00,0,0.00,0,0.00,0,0,0,0,0,12797580504,1641270.13,0,1602129,1040578,350,640,144,136,8376,80,8592,152,664,155.4709,6596.2861,0.0000,0.0000,0.0000,0.0000,0.0000,0.0000,0.0000,0.0000,0.0000,0.0000,0.0000,0.0000,0.0000,18667.7790
1,256,2352,3600000000000.00,model defined,1602113,16,602128,7830.9978,12740493112,0,0,16030,100.00,0,0.00,0,0.00,0,0,0,0,0,12740493112,1626931.00,0,1602129,1040578,350,640,144,136,8376,80,8592,152,664,104.0557,6599.2003,0.0000,0.0000,0.0000,0.0000,0.0000,0.0000,0.0000,0.0000,0.0000,0.0000,0.0000,0.0000,0.0000,18748.2354
1,256,2352,3600000000000.00,model defined,1602113,16,602128,8050.7384,12829861696,0,0,28979,100.00,0,0.00,0,0.00,0,0,0,0,0,12829861696,1593625.47,0,1602129,1040578,350,640,144,136,8376,80,8592,152,664,156.5614,6827.0121,0.0000,0.0000,0.0000,0.0000,0.0000,0.0000,0.0000,0.0000,0.0000,0.0000,0.0000,0.0000,0.0000,19274.6064
1,256,2352,3600000000000.00,model defined,1602113,16,602128,7777.1255,12630944830,0,0,9250,100.00,0,0.00,0,0.00,0,0,0,0,0,12630944830,1624114.83,0,1602129,1040578,350,640,144,136,8376,80,8592,152,664,283.2505,6588.1549,0.0000,0.0000,0.0000,0.0000,0.0000,0.0000,0.0000,0.0000,0.0000,0.0000,0.0000,0.0000,0.0000,18619.4828
1,256,2352,3600000000000.00,model defined,1602113,16,602128,7821.5428,12543881253,0,0,7416,100.00,0,0.00,0,0.00,0,0,0,0,0,12543881253,1603760.47,0,1602129,1040578,350,640,144,136,8376,80,8592,152,664,148.3636,6697.4156,0.0000,0.0000,0.0000,0.0000,0.0000,0.0000,0.0000,0.0000,0.0000,0.0000,0.0000,0.0000,0.0000,18725.9348
1,256,2352,3600000000000.00,model defined,1602113,16,602128,7943.9649,12496373380,0,0,6431,100.00,0,0.00,0,0.00,0,0,0,0,0,12496373380,1573065.02,0,1602129,1040578,350,640,144,136,8376,80,8592,152,664,143.2472,6929.8807,0.0000,0.0000,0.0000,0.0000,0.0000,0.0000,0.0000,0.0000,0.0000,0.0000,0.0000,0.0000,0.0000,19018.9686
1,256,2352,3600000000000.00,model defined,1602113,16,602128,8027.6596,12467569290,0,0,6381,100.00,0,0.00,0,0.00,0,0,0,0,0,12467569290,1553076.48,0,1602129,1040578,350,640,144,136,8376,80,8592,152,664,210.8105,7140.8590,0.0000,0.0000,0.0000,0.0000,0.0000,0.0000,0.0000,0.0000,0.0000,0.0000,0.0000,0.0000,0.0000,19219.3286
1,256,2352,3600000000000.00,model defined,1602113,16,602128,8053.6511,12863734381,0,0,72600,100.00,0,0.00,0,0.00,0,0,0,0,0,12863734381,1597254.99,0,1602129,1040578,350,640,144,136,8376,80,8592,152,664,149.6234,7173.0889,0.0000,0.0000,0.0000,0.0000,0.0000,0.0000,0.0000,0.0000,0.0000,0.0000,0.0000,0.0000,0.0000,19281.8960
1,256,2352,3600000000000.00,model defined,1602113,16,602128,8057.4490,12845621837,0,0,42185,100.00,0,0.00,0,0.00,0,0,0,0,0,12845621837,1594254.19,0,1602129,1040578,350,640,144,136,8376,80,8592,152,664,126.2174,7149.4283,0.0000,0.0000,0.0000,0.0000,0.0000,0.0000,0.0000,0.0000,0.0000,0.0000,0.0000,0.0000,0.0000,19290.2423
1,256,2352,3600000000000.00,model defined,1602113,16,602128,7976.7770,12569429666,0,0,15121,100.00,0,0.00,0,0.00,0,0,0,0,0,12569429666,1575752.92,0,1602129,1040578,350,640,144,136,8376,80,8592,152,664,143.8325,6942.3897,0.0000,0.0000,0.0000,0.0000,0.0000,0.0000,0.0000,0.0000,0.0000,0.0000,0.0000,0.0000,0.0000,19097.4675
1,256,2352,3600000000000.00,model defined,1602113,16,602128,8053.6416,12728995614,0,0,19370,100.00,0,0.00,0,0.00,0,0,0,0,0,12728995614,1580526.71,0,1602129,1040578,350,640,144,136,8376,80,8592,152,664,255.5903,7117.0903,0.0000,0.0000,0.0000,0.0000,0.0000,0.0000,0.0000,0.0000,0.0000,0.0000,0.0000,0.0000,0.0000,19281.3487
1,256,2352,3600000000000.00,model defined,1602113,16,602128,8089.6270,12807743777,0,0,27003,100.00,0,0.00,0,0.00,0,0,0,0,0,12807743777,1583230.44,0,1602129,1040578,350,640,144,136,8376,80,8592,152,664,255.4803,7208.9497,0.0000,0.0000,0.0000,0.0000,0.0000,0.0000,0.0000,0.0000,0.0000,0.0000,0.0000,0.0000,0.0000,19367.7196
1,256,2352,3600000000000.00,model defined,1602113,16,602128,7875.2491,12254636659,0,0,6494,100.00,0,0.00,0,0.00,0,0,0,0,0,12254636659,1556095.12,0,1602129,1040578,350,640,144,136,8376,80,8592,152,664,403.0840,7131.2422,0.0000,0.0000,0.0000,0.0000,0.0000,0.0000,0.0000,0.0000,0.0000,0.0000,0.0000,0.0000,0.0000,18854.4092
1,256,2352,3600000000000.00,model defined,1602113,16,602128,7909.3137,12263621496,0,0,6952,100.00,0,0.00,0,0.00,0,0,0,0,0,12263621496,1550529.15,0,1602129,1040578,350,640,144,136,8376,80,8592,152,664,402.2846,7252.0528,0.0000,0.0000,0.0000,0.0000,0.0000,0.0000,0.0000,0.0000,0.0000,0.0000,0.0000,0.0000,0.0000,18935.9095
1,256,2352,3600000000000.00,model defined,1602113,16,602128,7943.5892,12420828991,0,0,9869,100.00,0,0.00,0,0.00,0,0,0,0,0,12420828991,1563629.32,0,1602129,1040578,350,640,144,136,8376,80,8592,152,664,402.8158,6935.5693,0.0000,0.0000,0.0000,0.0000,0.0000,0.0000,0.0000,0.0000,0.0000,0.0000,0.0000,0.0000,0.0000,19018.0324
1,256,2352,3600000000000.00,model defined,1602113,16,602128,7948.1241,12378102393,0,0,8403,100.00,0,0.00,0,0.00,0,0,0,0,0,12378102393,1557361.49,0,1602129,1040578,350,640,144,136,8376,80,8592,152,664,402.8388,7058.4801,0.0000,0.0000,0.0000,0.0000,0.0000,0.0000,0.0000,0.0000,0.0000,0.0000,0.0000,0.0000,0.0000,19028.9598
1,256,2656,3600000000000.00,model defined,1679937,16,679952,10648.5664,16891398699,0,0,12858,100.00,0,0.00,0,0.00,0,0,0,0,0,16891398699,1586260.36,0,1679953,1091596,307,640,144,136,8376,80,8592,152,664,643.0132,9537.4711,0.0000,0.0000,0.0000,0.0000,0.0000,0.0000,0.0000,0.0000,0.0000,0.0000,0.0000,0.0000,0.0000,25494.1431
1,256,2656,3600000000000.00,model defined,1679937,16,679952,10875.7274,16849549751,0,0,11178,100.00,0,0.00,0,0.00,0,0,0,0,0,16849549751,1549280.26,0,1679953,1091596,307,640,144,136,8376,80,8592,152,664,346.0178,9929.9059,0.0000,0.0000,0.0000,0.0000,0.0000,0.0000,0.0000,0.0000,0.0000,0.0000,0.0000,0.0000,0.0000,26037.6970
1,256,2656,3600000000000.00,model defined,1679937,16,679952,10992.1458,16815394686,0,0,11610,100.00,0,0.00,0,0.00,0,0,0,0,0,16815394686,1529764.52,0,1679953,1091596,307,640,144,136,8376,80,8592,152,664,226.6642,10202.0158,0.0000,0.0000,0.0000,0.0000,0.0000,0.0000,0.0000,0.0000,0.0000,0.0000,0.0000,0.0000,0.0000,26316.6829
1,256,2656,3600000000000.00,model defined,1679937,16,679952,11039.3884,17097862142,0,0,81208,100.00,0,0.00,0,0.00,0,0,0,0,0,17097862142,1548805.19,0,1679953,1091596,307,640,144,136,8376,80,8592,152,664,123.7485,10182.4209,0.0000,0.0000,0.0000,0.0000,0.0000,0.0000,0.0000,0.0000,0.0000,0.0000,0.0000,0.0000,0.0000,26429.7190
1,256,2656,3600000000000.00,model defined,1679937,16,679952,11178.5462,17084145842,0,0,49192,100.00,0,0.00,0,0.00,0,0,0,0,0,17084145842,1528297.64,0,1679953,1091596,307,640,144,136,8376,80,8592,152,664,217.2192,10251.9636,0.0000,0.0000,0.0000,0.0000,0.0000,0.0000,0.0000,0.0000,0.0000,0.0000,0.0000,0.0000,0.0000,26762.6293
1,256,2656,3600000000000.00,model defined,1679937,16,679952,11163.1340,17057501979,0,0,33738,100.00,0,0.00,0,0.00,0,0,0,0,0,17057501979,1528020.90,0,1679953,1091596,307,640,144,136,8376,80,8592,152,664,196.0353,10238.6998,0.0000,0.0000,0.0000,0.0000,0.0000,0.0000,0.0000,0.0000,0.0000,0.0000,0.0000,0.0000,0.0000,26725.9699
1,256,2656,3600000000000.00,model defined,1679937,16,679952,10950.1905,16933032719,0,0,21529,100.00,0,0.00,0,0.00,0,0,0,0,0,16933032719,1546368.78,0,1679953,1091596,307,640,144,136,8376,80,8592,152,664,130.0532,9813.5266,0.0000,0.0000,0.0000,0.0000,0.0000,0.0000,0.0000,0.0000,0.0000,0.0000,0.0000,0.0000,0.0000,26215.7504
1,256,2656,3600000000000.00,model defined,1679937,16,679952,11042.2454,16840198933,0,0,15874,100.00,0,0.00,0,0.00,0,0,0,0,0,16840198933,1525070.16,0,1679953,1091596,307,640,144,136,8376,80,8592,152,664,142.7829,10077.6953,0.0000,0.0000,0.0000,0.0000,0.0000,0.0000,0.0000,0.0000,0.0000,0.0000,0.0000,0.0000,0.0000,26436.5768
1,256,2656,3600000000000.00,model defined,1679937,16,679952,11245.6801,17010125322,0,0,26069,100.00,0,0.00,0,0.00,0,0,0,0,0,17010125322,1512591.96,0,1679953,1091596,307,640,144,136,8376,80,8592,152,664,246.5270,10259.2155,0.0000,0.0000,0.0000,0.0000,0.0000,0.0000,0.0000,0.0000,0.0000,0.0000,0.0000,0.0000,0.0000,26923.5253
1,256,2656,3600000000000.00,model defined,1679937,16,679952,11318.3790,16672191013,0,0,12618,100.00,0,0.00,0,0.00,0,0,0,0,0,16672191013,1473019.33,0,1679953,1091596,307,640,144,136,8376,80,8592,152,664,171.5871,10709.1709,0.0000,0.0000,0.0000,0.0000,0.0000,0.0000,0.0000,0.0000,0.0000,0.0000,0.0000,0.0000,0.0000,27097.3199
1,256,2656,3600000000000.00,model defined,1679937,16,679952,11283.7894,16770403977,0,0,13614,100.00,0,0.00,0,0.00,0,0,0,0,0,16770403977,1486238.65,0,1679953,1091596,307,640,144,136,8376,80,8592,152,664,176.8024,10545.3711,0.0000,0.0000,0.0000,0.0000,0.0000,0.0000,0.0000,0.0000,0.0000,0.0000,0.0000,0.0000,0.0000,27015.0277
1,256,2656,3600000000000.00,model defined,1679937,16,679952,11397.0974,16605142244,0,0,12778,100.00,0,0.00,0,0.00,0,0,0,0,0,16605142244,1456962.39,0,1679953,1091596,307,640,144,136,8376,80,8592,152,664,140.1181,10941.3336,0.0000,0.0000,0.0000,0.0000,0.0000,0.0000,0.0000,0.0000,0.0000,0.0000,0.0000,0.0000,0.0000,27286.1695
1,256,4480,3600000000000.00,model defined,2146881,16,1146896,13884.3020,21327693034,0,0,56103,100.00,0,0.00,0,0.00,0,0,0,0,0,21327693034,1536101.20,0,2146897,1397707,53,640,144,136,8376,80,8592,152,664,319.2184,13471.8807,0.0000,0.0000,0.0000,0.0000,0.0000,0.0000,0.0000,0.0000,0.0000,0.0000,0.0000,0.0000,0.0000,33241.0304
1,256,4480,3600000000000.00,model defined,2146881,16,1146896,13817.3190,21327031321,0,0,36413,100.00,0,0.00,0,0.00,0,0,0,0,0,21327031321,1543499.97,0,2146897,1397707,53,640,144,136,8376,80,8592,152,664,218.1832,13395.8508,0.0000,0.0000,0.0000,0.0000,0.0000,0.0000,0.0000,0.0000,0.0000,0.0000,0.0000,0.0000,0.0000,33080.2974
1,256,4480,3600000000000.00,model defined,2146881,16,1146896,14082.4937,21326664009,0,0,24549,100.00,0,0.00,0,0.00,0,0,0,0,0,21326664009,1514409.63,0,2146897,1397707,53,640,144,136,8376,80,8592,152,664,174.8366,13576.0221,0.0000,0.0000,0.0000,0.0000,0.0000,0.0000,0.0000,0.0000,0.0000,0.0000,0.0000,0.0000,0.0000,33715.4422
1,256,4480,3600000000000.00,model defined,2146881,16,1146896,13928.5529,21326579999,0,0,23074,100.00,0,0.00,0,0.00,0,0,0,0,0,21326579999,1531141.11,0,2146897,1397707,53,640,144,136,8376,80,8592,152,664,411.7816,13078.9779,0.0000,0.0000,0.0000,0.0000,0.0000,0.0000,0.0000,0.0000,0.0000,0.0000,0.0000,0.0000,0.0000,33346.6190
1,256,4480,3600000000000.00,model defined,2146881,16,1146896,14267.7811,21326825338,0,0,28254,100.00,0,0.00,0,0.00,0,0,0,0,0,21326825338,1494754.18,0,2146897,1397707,53,640,144,136,8376,80,8592,152,664,218.1705,13806.2261,0.0000,0.0000,0.0000,0.0000,0.0000,0.0000,0.0000,0.0000,0.0000,0.0000,0.0000,0.0000,0.0000,34159.2833
1,256,4480,3600000000000.00,model defined,2146881,16,1146896,14410.5194,21326549745,0,0,21767,100.00,0,0.00,0,0.00,0,0,0,0,0,21326549745,1479929.29,0,2146897,1397707,53,640,144,136,8376,80,8592,152,664,349.2405,13927.7885,0.0000,0.0000,0.0000,0.0000,0.0000,0.0000,0.0000,0.0000,0.0000,0.0000,0.0000,0.0000,0.0000,34500.4994
1,256,4480,3600000000000.00,model defined,2146881,16,1146896,14820.4836,21326509651,0,0,22646,100.00,0,0.00,0,0.00,0,0,0,0,0,21326509651,1438988.78,0,2146897,1397707,53,640,144,136,8376,80,8592,152,664,267.3643,14613.7558,0.0000,0.0000,0.0000,0.0000,0.0000,0.0000,0.0000,0.0000,0.0000,0.0000,0.0000,0.0000,0.0000,35482.1760
1,256,4480,3600000000000.00,model defined,2146881,16,1146896,14442.9074,21325546678,0,0,54849,100.00,0,0.00,0,0.00,0,0,0,0,0,21325546678,1476541.13,0,2146897,1397707,53,640,144,136,8376,80,8592,152,664,584.8286,14826.3850,0.0000,0.0000,0.0000,0.0000,0.0000,0.0000,0.0000,0.0000,0.0000,0.0000,0.0000,0.0000,0.0000,34578.3790
1,256,4480,3600000000000.00,model defined,2146881,16,1146896,15074.3737,21326425530,0,0,24962,100.00,0,0.00,0,0.00,0,0,0,0,0,21326425530,1414747.04,0,2146897,1397707,53,640,144,136,8376,80,8592,152,664,184.3587,15061.8025,0.0000,0.0000,0.0000,0.0000,0.0000,0.0000,0.0000,0.0000,0.0000,0.0000,0.0000,0.0000,0.0000,36089.4801
1,256,4480,3600000000000.00,model defined,2146881,16,1146896,15100.1790,21326334503,0,0,31199,100.00,0,0.00,0,0.00,0,0,0,0,0,21326334503,1412323.29,0,2146897,1397707,53,640,144,136,8376,80,8592,152,664,849.1609,15307.0088,0.0000,0.0000,0.0000,0.0000,0.0000,0.0000,0.0000,0.0000,0.0000,0.0000,0.0000,0.0000,0.0000,36151.8843
1,256,3264,3600000000000.00,model defined,1835585,16,835600,12469.5218,18946446444,0,0,84997,100.00,0,0.00,0,0.00,0,0,0,0,0,18946446444,1519420.45,0,1835601,1193633,222,640,144,136,8376,80,8592,152,664,435.3428,11714.5489,0.0000,0.0000,0.0000,0.0000,0.0000,0.0000,0.0000,0.0000,0.0000,0.0000,0.0000,0.0000,0.0000,29853.2191
1,256,2352,3600000000000.00,model defined,1602113,16,602128,6225.9298,10187059161,0,0,65100,100.00,0,0.00,0,0.00,0,0,0,0,0,10187059161,1636230.97,0,1602129,1040578,350,640,144,136,8376,80,8592,152,664,215.5962,5499.0959,0.0000,0.0000,0.0000,0.0000,0.0000,0.0000,0.0000,0.0000,0.0000,0.0000,0.0000,0.0000,0.0000,14905.7635
1,256,3264,3600000000000.00,model defined,1835585,16,835600,12821.6489,18936851523,0,0,53395,100.00,0,0.00,0,0.00,0,0,0,0,0,18936851523,1476943.54,0,1835601,1193633,222,640,144,136,8376,80,8592,152,664,271.7567,12003.0039,0.0000,0.0000,0.0000,0.0000,0.0000,0.0000,0.0000,0.0000,0.0000,0.0000,0.0000,0.0000,0.0000,30696.7705
1,256,4480,3600000000000.00,model defined,2146881,16,1146896,14525.3695,21325247993,0,0,34659,100.00,0,0.00,0,0.00,0,0,0,0,0,21325247993,1468138.07,0,2146897,1397707,53,640,144,136,8376,80,8592,152,664,625.5410,14966.2606,0.0000,0.0000,0.0000,0.0000,0.0000,0.0000,0.0000,0.0000,0.0000,0.0000,0.0000,0.0000,0.0000,34775.7526
1,256,2352,3600000000000.00,model defined,1602113,16,602128,6256.8775,10177436260,0,0,40106,100.00,0,0.00,0,0.00,0,0,0,0,0,10177436260,1626599.89,0,1602129,1040578,350,640,144,136,8376,80,8592,152,664,216.7197,5520.2558,0.0000,0.0000,0.0000,0.0000,0.0000,0.0000,0.0000,0.0000,0.0000,0.0000,0.0000,0.0000,0.0000,14980.0836
1,256,2352,3600000000000.00,model defined,1602113,16,602128,6331.7374,10171762632,0,0,25375,100.00,0,0.00,0,0.00,0,0,0,0,0,10171762632,1606472.60,0,1602129,1040578,350,640,144,136,8376,80,8592,152,664,195.8505,5581.2551,0.0000,0.0000,0.0000,0.0000,0.0000,0.0000,0.0000,0.0000,0.0000,0.0000,0.0000,0.0000,0.0000,15159.0871
1,256,2352,3600000000000.00,model defined,1602113,16,602128,6310.8105,10103777706,0,0,13884,100.00,0,0.00,0,0.00,0,0,0,0,0,10103777706,1601026.95,0,1602129,1040578,350,640,144,136,8376,80,8592,152,664,140.5304,5436.1266,0.0000,0.0000,0.0000,0.0000,0.0000,0.0000,0.0000,0.0000,0.0000,0.0000,0.0000,0.0000,0.0000,15108.9664
1,256,4480,3600000000000.00,model defined,2146881,16,1146896,14835.8115,21325090636,0,0,25045,100.00,0,0.00,0,0.00,0,0,0,0,0,21325090636,1437406.42,0,2146897,1397707,53,640,144,136,8376,80,8592,152,664,287.4451,15452.1676,0.0000,0.0000,0.0000,0.0000,0.0000,0.0000,0.0000,0.0000,0.0000,0.0000,0.0000,0.0000,0.0000,35518.6977
1,256,2352,3600000000000.00,model defined,1602113,16,602128,6376.7938,10158178707,0,0,18943,100.00,0,0.00,0,0.00,0,0,0,0,0,10158178707,1592991.55,0,1602129,1040578,350,640,144,136,8376,80,8592,152,664,162.5597,5570.9373,0.0000,0.0000,0.0000,0.0000,0.0000,0.0000,0.0000,0.0000,0.0000,0.0000,0.0000,0.0000,0.0000,15266.6040
1,256,4480,3600000000000.00,model defined,2146881,16,1146896,14877.7994,21325017552,0,0,22510,100.00,0,0.00,0,0.00,0,0,0,0,0,21325017552,1433344.87,0,2146897,1397707,53,640,144,136,8376,80,8592,152,664,200.0865,15500.7673,0.0000,0.0000,0.0000,0.0000,0.0000,0.0000,0.0000,0.0000,0.0000,0.0000,0.0000,0.0000,0.0000,35619.7630
1,256,2352,3600000000000.00,model defined,1602113,16,602128,6208.8734,10038315757,0,0,9556,100.00,0,0.00,0,0.00,0,0,0,0,0,10038315757,1616769.27,0,1602129,1040578,350,640,144,136,8376,80,8592,152,664,355.9817,5371.8905,0.0000,0.0000,0.0000,0.0000,0.0000,0.0000,0.0000,0.0000,0.0000,0.0000,0.0000,0.0000,0.0000,14864.9038
1,256,2352,3600000000000.00,model defined,1602113,16,602128,6239.8190,9997710664,0,0,6932,100.00,0,0.00,0,0.00,0,0,0,0,0,9997710664,1602243.71,0,1602129,1040578,350,640,144,136,8376,80,8592,152,664,356.4195,5503.9823,0.0000,0.0000,0.0000,0.0000,0.0000,0.0000,0.0000,0.0000,0.0000,0.0000,0.0000,0.0000,0.0000,14938.9555
1,256,2352,3600000000000.00,model defined,1602113,16,602128,6348.8807,9982952043,0,0,5764,100.00,0,0.00,0,0.00,0,0,0,0,0,9982952043,1572395.60,0,1602129,1040578,350,640,144,136,8376,80,8592,152,664,224.6657,5716.5480,0.0000,0.0000,0.0000,0.0000,0.0000,0.0000,0.0000,0.0000,0.0000,0.0000,0.0000,0.0000,0.0000,15200.1248
1,256,2656,3600000000000.00,model defined,1679937,16,679952,8261.7308,12908136461,0,0,70751,100.00,0,0.00,0,0.00,0,0,0,0,0,12908136461,1562400.99,0,1679953,1091596,307,640,144,136,8376,80,8592,152,664,341.8494,7439.6570,0.0000,0.0000,0.0000,0.0000,0.0000,0.0000,0.0000,0.0000,0.0000,0.0000,0.0000,0.0000,0.0000,19779.6141
1,256,2656,3600000000000.00,model defined,1679937,16,679952,8290.6321,12887397182,0,0,29638,100.00,0,0.00,0,0.00,0,0,0,0,0,12887397182,1554452.90,0,1679953,1091596,307,640,144,136,8376,80,8592,152,664,332.2497,7438.1180,0.0000,0.0000,0.0000,0.0000,0.0000,0.0000,0.0000,0.0000,0.0000,0.0000,0.0000,0.0000,0.0000,19848.6243
1,256,2656,3600000000000.00,model defined,1679937,16,679952,7812.2068,12393612238,0,0,14407,100.00,0,0.00,0,0.00,0,0,0,0,0,12393612238,1586441.91,0,1679953,1091596,307,640,144,136,8376,80,8592,152,664,148.0059,7367.3081,0.0000,0.0000,0.0000,0.0000,0.0000,0.0000,0.0000,0.0000,0.0000,0.0000,0.0000,0.0000,0.0000,18703.5944
1,256,2656,3600000000000.00,model defined,1679937,16,679952,8313.3751,12866639907,0,0,22111,100.00,0,0.00,0,0.00,0,0,0,0,0,12866639907,1547703.51,0,1679953,1091596,307,640,144,136,8376,80,8592,152,664,342.5628,7389.4737,0.0000,0.0000,0.0000,0.0000,0.0000,0.0000,0.0000,0.0000,0.0000,0.0000,0.0000,0.0000,0.0000,19903.0658
1,256,2656,3600000000000.00,model defined,1679937,16,679952,8316.0018,12901144737,0,0,43773,100.00,0,0.00,0,0.00,0,0,0,0,0,12901144737,1551363.87,0,1679953,1091596,307,640,144,136,8376,80,8592,152,664,353.1021,7473.8657,0.0000,0.0000,0.0000,0.0000,0.0000,0.0000,0.0000,0.0000,0.0000,0.0000,0.0000,0.0000,0.0000,19909.6833
1,256,2656,3600000000000.00,model defined,1679937,16,679952,7893.5621,12394194409,0,0,21870,100.00,0,0.00,0,0.00,0,0,0,0,0,12394194409,1570164.94,0,1679953,1091596,307,640,144,136,8376,80,8592,152,664,148.6546,7426.3236,0.0000,0.0000,0.0000,0.0000,0.0000,0.0000,0.0000,0.0000,0.0000,0.0000,0.0000,0.0000,0.0000,18898.0231
1,256,2656,3600000000000.00,model defined,1679937,16,679952,8174.3055,12823025149,0,0,16681,100.00,0,0.00,0,0.00,0,0,0,0,0,12823025149,1568699.04,0,1679953,1091596,307,640,144,136,8376,80,8592,152,664,366.9957,7119.7509,0.0000,0.0000,0.0000,0.0000,0.0000,0.0000,0.0000,0.0000,0.0000,0.0000,0.0000,0.0000,0.0000,19570.2179
1,256,3264,3600000000000.00,model defined,1835585,16,835600,12705.6965,18919077979,0,0,38094,100.00,0,0.00,0,0.00,0,0,0,0,0,18919077979,1489023.29,0,1835601,1193633,222,640,144,136,8376,80,8592,152,664,710.9929,11862.2975,0.0000,0.0000,0.0000,0.0000,0.0000,0.0000,0.0000,0.0000,0.0000,0.0000,0.0000,0.0000,0.0000,30419.1417
1,256,2656,3600000000000.00,model defined,1679937,16,679952,8227.3778,12750221533,0,0,8625,100.00,0,0.00,0,0.00,0,0,0,0,0,12750221533,1549730.89,0,1679953,1091596,307,640,144,136,8376,80,8592,152,664,171.4995,7491.3326,0.0000,0.0000,0.0000,0.0000,0.0000,0.0000,0.0000,0.0000,0.0000,0.0000,0.0000,0.0000,0.0000,19697.3748
1,256,2656,3600000000000.00,model defined,1679937,16,679952,7806.6321,12392180065,0,0,8883,100.00,0,0.00,0,0.00,0,0,0,0,0,12392180065,1587391.32,0,1679953,1091596,307,640,144,136,8376,80,8592,152,664,265.9775,7375.0522,0.0000,0.0000,0.0000,0.0000,0.0000,0.0000,0.0000,0.0000,0.0000,0.0000,0.0000,0.0000,0.0000,18690.1245
1,256,2656,3600000000000.00,model defined,1679937,16,679952,8335.5077,12777455768,0,0,11258,100.00,0,0.00,0,0.00,0,0,0,0,0,12777455768,1532894.73,0,1679953,1091596,307,640,144,136,8376,80,8592,152,664,231.9357,7398.2485,0.0000,0.0000,0.0000,0.0000,0.0000,0.0000,0.0000,0.0000,0.0000,0.0000,0.0000,0.0000,0.0000,19956.1931
1,256,4480,3600000000000.00,model defined,2146881,16,1146896,15144.6864,21324991947,0,0,24017,100.00,0,0.00,0,0.00,0,0,0,0,0,21324991947,1408084.09,0,2146897,1397707,53,640,144,136,8376,80,8592,152,664,542.4349,15482.6103,0.0000,0.0000,0.0000,0.0000,0.0000,0.0000,0.0000,0.0000,0.0000,0.0000,0.0000,0.0000,0.0000,36258.1832
1,256,2656,3600000000000.00,model defined,1679937,16,679952,7898.1540,12392555240,0,0,10620,100.00,0,0.00,0,0.00,0,0,0,0,0,12392555240,1569044.52,0,1679953,1091596,307,640,144,136,8376,80,8592,152,664,262.3867,7493.1750,0.0000,0.0000,0.0000,0.0000,0.0000,0.0000,0.0000,0.0000,0.0000,0.0000,0.0000,0.0000,0.0000,18909.2729
1,256,2656,3600000000000.00,model defined,1679937,16,679952,7851.6777,12392534955,0,0,7664,100.00,0,0.00,0,0.00,0,0,0,0,0,12392534955,1578329.56,0,1679953,1091596,307,640,144,136,8376,80,8592,152,664,182.8372,7540.7692,0.0000,0.0000,0.0000,0.0000,0.0000,0.0000,0.0000,0.0000,0.0000,0.0000,0.0000,0.0000,0.0000,18797.9303
1,256,2656,3600000000000.00,model defined,1679937,16,679952,7858.5839,12392276008,0,0,7489,100.00,0,0.00,0,0.00,0,0,0,0,0,12392276008,1576909.54,0,1679953,1091596,307,640,144,136,8376,80,8592,152,664,106.4810,7513.4892,0.0000,0.0000,0.0000,0.0000,0.0000,0.0000,0.0000,0.0000,0.0000,0.0000,0.0000,0.0000,0.0000,18814.2004
1,256,2656,3600000000000.00,model defined,1679937,16,679952,7964.2363,12392101122,0,0,8805,100.00,0,0.00,0,0.00,0,0,0,0,0,12392101122,1555968.54,0,1679953,1091596,307,640,144,136,8376,80,8592,152,664,262.7881,7382.2180,0.0000,0.0000,0.0000,0.0000,0.0000,0.0000,0.0000,0.0000,0.0000,0.0000,0.0000,0.0000,0.0000,19067.3339
1,256,2656,3600000000000.00,model defined,1679937,16,679952,8317.4662,12735242134,0,0,8235,100.00,0,0.00,0,0.00,0,0,0,0,0,12735242134,1531144.43,0,1679953,1091596,307,640,144,136,8376,80,8592,152,664,309.3152,7732.7000,0.0000,0.0000,0.0000,0.0000,0.0000,0.0000,0.0000,0.0000,0.0000,0.0000,0.0000,0.0000,0.0000,19912.9623
1,256,2656,3600000000000.00,model defined,1679937,16,679952,8544.3865,12722874008,0,0,9150,100.00,0,0.00,0,0.00,0,0,0,0,0,12722874008,1489033.07,0,1679953,1091596,307,640,144,136,8376,80,8592,152,664,301.2895,8064.7525,0.0000,0.0000,0.0000,0.0000,0.0000,0.0000,0.0000,0.0000,0.0000,0.0000,0.0000,0.0000,0.0000,20456.3661
1,256,4480,3600000000000.00,model defined,2146881,16,1146896,15342.5126,21324997839,0,0,23684,100.00,0,0.00,0,0.00,0,0,0,0,0,21324997839,1389928.65,0,2146897,1397707,53,640,144,136,8376,80,8592,152,664,353.0221,16106.3205,0.0000,0.0000,0.0000,0.0000,0.0000,0.0000,0.0000,0.0000,0.0000,0.0000,0.0000,0.0000,0.0000,36731.9850
1,256,2656,3600000000000.00,model defined,1679937,16,679952,8207.2418,12392410685,0,0,9069,100.00,0,0.00,0,0.00,0,0,0,0,0,12392410685,1509936.10,0,1679953,1091596,307,640,144,136,8376,80,8592,152,664,223.6810,7960.1252,0.0000,0.0000,0.0000,0.0000,0.0000,0.0000,0.0000,0.0000,0.0000,0.0000,0.0000,0.0000,0.0000,19649.2935
1,256,2656,3600000000000.00,model defined,1679937,16,679952,8234.9821,12392358328,0,0,9967,100.00,0,0.00,0,0.00,0,0,0,0,0,12392358328,1504843.39,0,1679953,1091596,307,640,144,136,8376,80,8592,152,664,224.2767,8048.5417,0.0000,0.0000,0.0000,0.0000,0.0000,0.0000,0.0000,0.0000,0.0000,0.0000,0.0000,0.0000,0.0000,19715.6852
1,256,3264,3600000000000.00,model defined,1835585,16,835600,12607.9604,18884945948,0,0,29946,100.00,0,0.00,0,0.00,0,0,0,0,0,18884945948,1497858.92,0,1835601,1193633,222,640,144,136,8376,80,8592,152,664,272.9129,11727.5286,0.0000,0.0000,0.0000,0.0000,0.0000,0.0000,0.0000,0.0000,0.0000,0.0000,0.0000,0.0000,0.0000,30185.2796
1,256,4480,3600000000000.00,model defined,2146881,16,1146896,15768.9393,21325019313,0,0,26549,100.00,0,0.00,0,0.00,0,0,0,0,0,21325019313,1352343.29,0,2146897,1397707,53,640,144,136,8376,80,8592,152,664,301.9589,16861.8893,0.0000,0.0000,0.0000,0.0000,0.0000,0.0000,0.0000,0.0000,0.0000,0.0000,0.0000,0.0000,0.0000,37752.7108
1,256,3264,3600000000000.00,model defined,1835585,16,835600,12594.3232,18834898879,0,0,24892,100.00,0,0.00,0,0.00,0,0,0,0,0,18834898879,1495507.03,0,1835601,1193633,222,640,144,136,8376,80,8592,152,664,320.1533,11442.6552,0.0000,0.0000,0.0000,0.0000,0.0000,0.0000,0.0000,0.0000,0.0000,0.0000,0.0000,0.0000,0.0000,30152.5536
1,256,3264,3600000000000.00,model defined,1835585,16,835600,11809.3083,18388123444,0,0,42290,100.00,0,0.00,0,0.00,0,0,0,0,0,18388123444,1557087.26,0,1835601,1193633,222,640,144,136,8376,80,8592,152,664,162.7742,11620.8875,0.0000,0.0000,0.0000,0.0000,0.0000,0.0000,0.0000,0.0000,0.0000,0.0000,0.0000,0.0000,0.0000,28272.7196
1,256,3264,3600000000000.00,model defined,1835585,16,835600,12431.4342,18786725827,0,0,19768,100.00,0,0.00,0,0.00,0,0,0,0,0,18786725827,1511227.55,0,1835601,1193633,222,640,144,136,8376,80,8592,152,664,325.7793,11595.2706,0.0000,0.0000,0.0000,0.0000,0.0000,0.0000,0.0000,0.0000,0.0000,0.0000,0.0000,0.0000,0.0000,29762.2282
1,256,4480,3600000000000.00,model defined,2146881,16,1146896,16143.2833,21325041137,0,0,33224,100.00,0,0.00,0,0.00,0,0,0,0,0,21325041137,1320985.38,0,2146897,1397707,53,640,144,136,8376,80,8592,152,664,255.2952,17370.4098,0.0000,0.0000,0.0000,0.0000,0.0000,0.0000,0.0000,0.0000,0.0000,0.0000,0.0000,0.0000,0.0000,38649.3672
1,256,4480,3600000000000.00,model defined,2146881,16,1146896,16307.7733,21325085036,0,0,47839,100.00,0,0.00,0,0.00,0,0,0,0,0,21325085036,1307663.81,0,2146897,1397707,53,640,144,136,8376,80,8592,152,664,212.3007,17725.4339,0.0000,0.0000,0.0000,0.0000,0.0000,0.0000,0.0000,0.0000,0.0000,0.0000,0.0000,0.0000,0.0000,39043.1399
1,256,3264,3600000000000.00,model defined,1835585,16,835600,12765.8275,18756607181,0,0,17875,100.00,0,0.00,0,0.00,0,0,0,0,0,18756607181,1469282.52,0,1835601,1193633,222,640,144,136,8376,80,8592,152,664,262.3182,12230.8320,0.0000,0.0000,0.0000,0.0000,0.0000,0.0000,0.0000,0.0000,0.0000,0.0000,0.0000,0.0000,0.0000,30563.1055
1,256,3264,3600000000000.00,model defined,1835585,16,835600,12879.9464,18731037660,0,0,18929,100.00,0,0.00,0,0.00,0,0,0,0,0,18731037660,1454279.16,0,1835601,1193633,222,640,144,136,8376,80,8592,152,664,161.7581,12583.8952,0.0000,0.0000,0.0000,0.0000,0.0000,0.0000,0.0000,0.0000,0.0000,0.0000,0.0000,0.0000,0.0000,30836.2475
1,256,3264,3600000000000.00,model defined,1835585,16,835600,12121.7072,18387079414,0,0,18096,100.00,0,0.00,0,0.00,0,0,0,0,0,18387079414,1516872.10,0,1835601,1193633,222,640,144,136,8376,80,8592,152,664,174.3712,12078.2539,0.0000,0.0000,0.0000,0.0000,0.0000,0.0000,0.0000,0.0000,0.0000,0.0000,0.0000,0.0000,0.0000,29020.5643
1,256,3264,3600000000000.00,model defined,1835585,16,835600,12166.0882,18387499066,0,0,27519,100.00,0,0.00,0,0.00,0,0,0,0,0,18387499066,1511373.15,0,1835601,1193633,222,640,144,136,8376,80,8592,152,664,494.0910,11991.2083,0.0000,0.0000,0.0000,0.0000,0.0000,0.0000,0.0000,0.0000,0.0000,0.0000,0.0000,0.0000,0.0000,29126.7081
1,256,3264,3600000000000.00,model defined,1835585,16,835600,12177.9791,18387074145,0,0,17764,100.00,0,0.00,0,0.00,0,0,0,0,0,18387074145,1509862.52,0,1835601,1193633,222,640,144,136,8376,80,8592,152,664,372.4361,11861.9947,0.0000,0.0000,0.0000,0.0000,0.0000,0.0000,0.0000,0.0000,0.0000,0.0000,0.0000,0.0000,0.0000,29155.6566
1,256,3264,3600000000000.00,model defined,1835585,16,835600,12203.7473,18387144153,0,0,17216,100.00,0,0.00,0,0.00,0,0,0,0,0,18387144153,1506680.18,0,1835601,1193633,222,640,144,136,8376,80,8592,152,664,372.9125,12220.8975,0.0000,0.0000,0.0000,0.0000,0.0000,0.0000,0.0000,0.0000,0.0000,0.0000,0.0000,0.0000,0.0000,29217.5359
1,256,3264,3600000000000.00,model defined,1835585,16,835600,12389.9917,18387206804,0,0,20592,100.00,0,0.00,0,0.00,0,0,0,0,0,18387206804,1484037.05,0,1835601,1193633,222,640,144,136,8376,80,8592,152,664,495.2294,12320.1738,0.0000,0.0000,0.0000,0.0000,0.0000,0.0000,0.0000,0.0000,0.0000,0.0000,0.0000,0.0000,0.0000,29663.1421
1,256,3264,3600000000000.00,model defined,1835585,16,835600,13299.6006,18697910594,0,0,19969,100.00,0,0.00,0,0.00,0,0,0,0,0,18697910594,1405900.16,0,1835601,1193633,222,640,144,136,8376,80,8592,152,664,275.2759,13140.5833,0.0000,0.0000,0.0000,0.0000,0.0000,0.0000,0.0000,0.0000,0.0000,0.0000,0.0000,0.0000,0.0000,31840.9365
1,256,3264,3600000000000.00,model defined,1835585,16,835600,12643.2436,18387206138,0,0,18861,100.00,0,0.00,0,0.00,0,0,0,0,0,18387206138,1454310.83,0,1835601,1193633,222,640,144,136,8376,80,8592,152,664,553.9099,12937.3352,0.0000,0.0000,0.0000,0.0000,0.0000,0.0000,0.0000,0.0000,0.0000,0.0000,0.0000,0.0000,0.0000,30269.6143
1,256,3264,3600000000000.00,model defined,1835585,16,835600,12815.0301,18387266145,0,0,21145,100.00,0,0.00,0,0.00,0,0,0,0,0,18387266145,1434820.36,0,1835601,1193633,222,640,144,136,8376,80,8592,152,664,298.0477,13230.0460,0.0000,0.0000,0.0000,0.0000,0.0000,0.0000,0.0000,0.0000,0.0000,0.0000,0.0000,0.0000,0.0000,30681.0443
1,256,3264,3600000000000.00,model defined,1835585,16,835600,13338.9800,18387342802,0,0,28004,100.00,0,0.00,0,0.00,0,0,0,0,0,18387342802,1378466.93,0,1835601,1193633,222,640,144,136,8376,80,8592,152,664,247.8871,13814.8910,0.0000,0.0000,0.0000,0.0000,0.0000,0.0000,0.0000,0.0000,0.0000,0.0000,0.0000,0.0000,0.0000,31935.3725
1,256,2352,3600000000000.00,model defined,1602113,16,602128,6016.6905,9808358108,0,0,14805,100.00,0,0.00,0,0.00,0,0,0,0,0,9808358108,1630191.56,0,1602129,1040578,350,640,144,136,8376,80,8592,152,664,169.6726,5452.2300,0.0000,0.0000,0.0000,0.0000,0.0000,0.0000,0.0000,0.0000,0.0000,0.0000,0.0000,0.0000,0.0000,14404.6903
1,256,2352,3600000000000.00,model defined,1602113,16,602128,6043.3140,9843935155,0,0,23298,100.00,0,0.00,0,0.00,0,0,0,0,0,9843935155,1628896.86,0,1602129,1040578,350,640,144,136,8376,80,8592,152,664,607.6737,5479.3081,0.0000,0.0000,0.0000,0.0000,0.0000,0.0000,0.0000,0.0000,0.0000,0.0000,0.0000,0.0000,0.0000,14468.5276
1,256,2352,3600000000000.00,model defined,1602113,16,602128,5888.9838,9781976350,0,0,6998,100.00,0,0.00,0,0.00,0,0,0,0,0,9781976350,1661063.54,0,1602129,1040578,350,640,144,136,8376,80,8592,152,664,588.8330,5174.3126,0.0000,0.0000,0.0000,0.0000,0.0000,0.0000,0.0000,0.0000,0.0000,0.0000,0.0000,0.0000,0.0000,14098.8751
1,256,2352,3600000000000.00,model defined,1602113,16,602128,6409.5532,9967145157,0,0,5712,100.00,0,0.00,0,0.00,0,0,0,0,0,9967145157,1555045.24,0,1602129,1040578,350,640,144,136,8376,80,8592,152,664,607.5579,5888.0718,0.0000,0.0000,0.0000,0.0000,0.0000,0.0000,0.0000,0.0000,0.0000,0.0000,0.0000,0.0000,0.0000,15345.3687
1,256,2352,3600000000000.00,model defined,1602113,16,602128,5958.7529,9820483219,0,0,9902,100.00,0,0.00,0,0.00,0,0,0,0,0,9820483219,1648076.93,0,1602129,1040578,350,640,144,136,8376,80,8592,152,664,445.3682,5363.2359,0.0000,0.0000,0.0000,0.0000,0.0000,0.0000,0.0000,0.0000,0.0000,0.0000,0.0000,0.0000,0.0000,14266.1124
1,256,2352,3600000000000.00,model defined,1602113,16,602128,6027.7131,9788477626,0,0,7617,100.00,0,0.00,0,0.00,0,0,0,0,0,9788477626,1623912.33,0,1602129,1040578,350,640,144,136,8376,80,8592,152,664,588.7156,5378.7782,0.0000,0.0000,0.0000,0.0000,0.0000,0.0000,0.0000,0.0000,0.0000,0.0000,0.0000,0.0000,0.0000,14430.9730
1,256,2352,3600000000000.00,model defined,1602113,16,602128,6011.0303,9781399057,0,0,4519,100.00,0,0.00,0,0.00,0,0,0,0,0,9781399057,1627241.68,0,1602129,1040578,350,640,144,136,8376,80,8592,152,664,425.7536,5437.8950,0.0000,0.0000,0.0000,0.0000,0.0000,0.0000,0.0000,0.0000,0.0000,0.0000,0.0000,0.0000,0.0000,14391.0421
1,256,2352,3600000000000.00,model defined,1602113,16,602128,6065.8152,9781246057,0,0,4939,100.00,0,0.00,0,0.00,0,0,0,0,0,9781246057,1612519.63,0,1602129,1040578,350,640,144,136,8376,80,8592,152,664,448.1891,5351.8551,0.0000,0.0000,0.0000,0.0000,0.0000,0.0000,0.0000,0.0000,0.0000,0.0000,0.0000,0.0000,0.0000,14522.2498
1,256,2352,3600000000000.00,model defined,1602113,16,602128,6119.1093,9781035433,0,0,5034,100.00,0,0.00,0,0.00,0,0,0,0,0,9781035433,1598441.05,0,1602129,1040578,350,640,144,136,8376,80,8592,152,664,317.2486,5642.9348,0.0000,0.0000,0.0000,0.0000,0.0000,0.0000,0.0000,0.0000,0.0000,0.0000,0.0000,0.0000,0.0000,14649.9829
1,256,2352,3600000000000.00,model defined,1602113,16,602128,6142.4178,9780722943,0,0,6107,100.00,0,0.00,0,0.00,0,0,0,0,0,9780722943,1592324.59,0,1602129,1040578,350,640,144,136,8376,80,8592,152,664,315.5980,5744.6504,0.0000,0.0000,0.0000,0.0000,0.0000,0.0000,0.0000,0.0000,0.0000,0.0000,0.0000,0.0000,0.0000,14705.7758
1,256,4480,3600000000000.00,model defined,2146881,16,1146896,24257.1991,36334142425,0,0,161248,100.00,0,0.00,0,0.00,0,0,0,0,0,36334142425,1497870.48,0,2146897,1397707,53,640,144,136,8376,80,8592,152,664,231.2569,22562.3777,0.0000,0.0000,0.0000,0.0000,0.0000,0.0000,0.0000,0.0000,0.0000,0.0000,0.0000,0.0000,0.0000,58074.8579
1,256,4480,3600000000000.00,model defined,2146881,16,1146896,24389.4464,36332819560,0,0,106702,100.00,0,0.00,0,0.00,0,0,0,0,0,36332819560,1489694.31,0,2146897,1397707,53,640,144,136,8376,80,8592,152,664,375.2266,22731.2794,0.0000,0.0000,0.0000,0.0000,0.0000,0.0000,0.0000,0.0000,0.0000,0.0000,0.0000,0.0000,0.0000,58392.7236
1,256,4480,3600000000000.00,model defined,2146881,16,1146896,24400.5347,36240014414,0,0,58723,100.00,0,0.00,0,0.00,0,0,0,0,0,36240014414,1485213.95,0,2146897,1397707,53,640,144,136,8376,80,8592,152,664,158.6921,22247.9602,0.0000,0.0000,0.0000,0.0000,0.0000,0.0000,0.0000,0.0000,0.0000,0.0000,0.0000,0.0000,0.0000,58418.2823
1,256,3264,3600000000000.00,model defined,1835585,16,835600,21042.1104,31882603993,0,0,114743,100.00,0,0.00,0,0.00,0,0,0,0,0,31882603993,1515180.91,0,1835601,1193633,222,640,144,136,8376,80,8592,152,664,149.7815,19343.1711,0.0000,0.0000,0.0000,0.0000,0.0000,0.0000,0.0000,0.0000,0.0000,0.0000,0.0000,0.0000,0.0000,50377.3688
1,256,3264,3600000000000.00,model defined,1835585,16,835600,21109.3798,31890902019,0,0,180143,100.00,0,0.00,0,0.00,0,0,0,0,0,31890902019,1510745.57,0,1835601,1193633,222,640,144,136,8376,80,8592,152,664,240.2069,19310.4970,0.0000,0.0000,0.0000,0.0000,0.0000,0.0000,0.0000,0.0000,0.0000,0.0000,0.0000,0.0000,0.0000,50538.8366
1,256,4480,3600000000000.00,model defined,2146881,16,1146896,24794.9810,36320233091,0,0,80383,100.00,0,0.00,0,0.00,0,0,0,0,0,36320233091,1464821.98,0,2146897,1397707,53,640,144,136,8376,80,8592,152,664,101.4232,23190.3051,0.0000,0.0000,0.0000,0.0000,0.0000,0.0000,0.0000,0.0000,0.0000,0.0000,0.0000,0.0000,0.0000,59361.4290
1,256,3264,3600000000000.00,model defined,1835585,16,835600,21335.6634,31859984725,0,0,82146,100.00,0,0.00,0,0.00,0,0,0,0,0,31859984725,1493273.68,0,1835601,1193633,222,640,144,136,8376,80,8592,152,664,201.1715,19477.2700,0.0000,0.0000,0.0000,0.0000,0.0000,0.0000,0.0000,0.0000,0.0000,0.0000,0.0000,0.0000,0.0000,51080.4416
1,256,4480,3600000000000.00,model defined,2146881,16,1146896,25063.3257,36291556885,0,0,67273,100.00,0,0.00,0,0.00,0,0,0,0,0,36291556885,1447994.47,0,2146897,1397707,53,640,144,136,8376,80,8592,152,664,245.6696,23322.5338,0.0000,0.0000,0.0000,0.0000,0.0000,0.0000,0.0000,0.0000,0.0000,0.0000,0.0000,0.0000,0.0000,60004.0787
1,256,4480,3600000000000.00,model defined,2146881,16,1146896,25582.2249,36158113231,0,0,50013,100.00,0,0.00,0,0.00,0,0,0,0,0,36158113231,1413407.69,0,2146897,1397707,53,640,144,136,8376,80,8592,152,664,95.1385,24052.7941,0.0000,0.0000,0.0000,0.0000,0.0000,0.0000,0.0000,0.0000,0.0000,0.0000,0.0000,0.0000,0.0000,61247.5600
1,256,4480,3600000000000.00,model defined,2146881,16,1146896,25487.4666,36061496923,0,0,48633,100.00,0,0.00,0,0.00,0,0,0,0,0,36061496923,1414871.77,0,2146897,1397707,53,640,144,136,8376,80,8592,152,664,341.2550,24592.9981,0.0000,0.0000,0.0000,0.0000,0.0000,0.0000,0.0000,0.0000,0.0000,0.0000,0.0000,0.0000,0.0000,61020.3060
1,256,3264,3600000000000.00,model defined,1835585,16,835600,20994.1840,31724995229,0,0,51051,100.00,0,0.00,0,0.00,0,0,0,0,0,31724995229,1511132.57,0,1835601,1193633,222,640,144,136,8376,80,8592,152,664,185.3134,18667.7659,0.0000,0.0000,0.0000,0.0000,0.0000,0.0000,0.0000,0.0000,0.0000,0.0000,0.0000,0.0000,0.0000,50262.9832
1,256,3264,3600000000000.00,model defined,1835585,16,835600,20497.7894,30305043510,0,0,69228,100.00,0,0.00,0,0.00,0,0,0,0,0,30305043510,1478454.23,0,1835601,1193633,222,640,144,136,8376,80,8592,152,664,225.9233,19721.2877,0.0000,0.0000,0.0000,0.0000,0.0000,0.0000,0.0000,0.0000,0.0000,0.0000,0.0000,0.0000,0.0000,49073.8785
1,256,3264,3600000000000.00,model defined,1835585,16,835600,21250.5559,31812705474,0,0,62267,100.00,0,0.00,0,0.00,0,0,0,0,0,31812705474,1497029.33,0,1835601,1193633,222,640,144,136,8376,80,8592,152,664,310.5823,19305.4174,0.0000,0.0000,0.0000,0.0000,0.0000,0.0000,0.0000,0.0000,0.0000,0.0000,0.0000,0.0000,0.0000,50876.4196
1,256,4480,3600000000000.00,model defined,2146881,16,1146896,25180.8113,34608236875,0,0,104422,100.00,0,0.00,0,0.00,0,0,0,0,0,34608236875,1374389.27,0,2146897,1397707,53,640,144,136,8376,80,8592,152,664,812.0888,25152.2873,0.0000,0.0000,0.0000,0.0000,0.0000,0.0000,0.0000,0.0000,0.0000,0.0000,0.0000,0.0000,0.0000,60286.0246
1,256,3264,3600000000000.00,model defined,1835585,16,835600,21085.3622,31598298367,0,0,38580,100.00,0,0.00,0,0.00,0,0,0,0,0,31598298367,1498589.31,0,1835601,1193633,222,640,144,136,8376,80,8592,152,664,143.9701,19312.4353,0.0000,0.0000,0.0000,0.0000,0.0000,0.0000,0.0000,0.0000,0.0000,0.0000,0.0000,0.0000,0.0000,50481.4461
1,256,3264,3600000000000.00,model defined,1835585,16,835600,20884.0773,30251656452,0,0,48997,100.00,0,0.00,0,0.00,0,0,0,0,0,30251656452,1448551.26,0,1835601,1193633,222,640,144,136,8376,80,8592,152,664,107.5406,20262.6265,0.0000,0.0000,0.0000,0.0000,0.0000,0.0000,0.0000,0.0000,0.0000,0.0000,0.0000,0.0000,0.0000,49998.8624
1,256,3264,3600000000000.00,model defined,1835585,16,835600,20932.7533,30263380853,0,0,38471,100.00,0,0.00,0,0.00,0,0,0,0,0,30263380853,1445742.96,0,1835601,1193633,222,640,144,136,8376,80,8592,152,664,248.3335,20568.5688,0.0000,0.0000,0.0000,0.0000,0.0000,0.0000,0.0000,0.0000,0.0000,0.0000,0.0000,0.0000,0.0000,50115.8731
1,256,3264,3600000000000.00,model defined,1835585,16,835600,21006.2472,30210003152,0,0,36572,100.00,0,0.00,0,0.00,0,0,0,0,0,30210003152,1438143.75,0,1835601,1193633,222,640,144,136,8376,80,8592,152,664,104.5728,20708.6270,0.0000,0.0000,0.0000,0.0000,0.0000,0.0000,0.0000,0.0000,0.0000,0.0000,0.0000,0.0000,0.0000,50291.7904
1,256,3264,3600000000000.00,model defined,1835585,16,835600,21723.5059,31495726398,0,0,35036,100.00,0,0.00,0,0.00,0,0,0,0,0,31495726398,1449845.46,0,1835601,1193633,222,640,144,136,8376,80,8592,152,664,207.0017,20403.0628,0.0000,0.0000,0.0000,0.0000,0.0000,0.0000,0.0000,0.0000,0.0000,0.0000,0.0000,0.0000,0.0000,52008.4792
1,256,4480,3600000000000.00,model defined,2146881,16,1146896,26673.3958,35950799274,0,0,50038,100.00,0,0.00,0,0.00,0,0,0,0,0,35950799274,1347814.86,0,2146897,1397707,53,640,144,136,8376,80,8592,152,664,198.2101,26185.5895,0.0000,0.0000,0.0000,0.0000,0.0000,0.0000,0.0000,0.0000,0.0000,0.0000,0.0000,0.0000,0.0000,63860.0183
1,256,4480,3600000000000.00,model defined,2146881,16,1146896,24579.0955,34608484235,0,0,70450,100.00,0,0.00,0,0.00,0,0,0,0,0,34608484235,1408045.48,0,2146897,1397707,53,640,144,136,8376,80,8592,152,664,844.6230,25008.0450,0.0000,0.0000,0.0000,0.0000,0.0000,0.0000,0.0000,0.0000,0.0000,0.0000,0.0000,0.0000,0.0000,58845.3012
1,256,3264,3600000000000.00,model defined,1835585,16,835600,22290.0778,31417878187,0,0,35545,100.00,0,0.00,0,0.00,0,0,0,0,0,31417878187,1409500.60,0,1835601,1193633,222,640,144,136,8376,80,8592,152,664,149.5536,21360.1268,0.0000,0.0000,0.0000,0.0000,0.0000,0.0000,0.0000,0.0000,0.0000,0.0000,0.0000,0.0000,0.0000,53365.5989
1,256,4480,3600000000000.00,model defined,2146881,16,1146896,24920.7655,34607861418,0,0,52582,100.00,0,0.00,0,0.00,0,0,0,0,0,34607861418,1388715.83,0,2146897,1397707,53,640,144,136,8376,80,8592,152,664,845.1017,25291.7942,0.0000,0.0000,0.0000,0.0000,0.0000,0.0000,0.0000,0.0000,0.0000,0.0000,0.0000,0.0000,0.0000,59663.6749
1,256,4480,3600000000000.00,model defined,2146881,16,1146896,24795.4698,34607392246,0,0,46013,100.00,0,0.00,0,0.00,0,0,0,0,0,34607392246,1395714.32,0,2146897,1397707,53,640,144,136,8376,80,8592,152,664,698.0697,25160.2928,0.0000,0.0000,0.0000,0.0000,0.0000,0.0000,0.0000,0.0000,0.0000,0.0000,0.0000,0.0000,0.0000,59362.5191
1,256,4480,3600000000000.00,model defined,2146881,16,1146896,24571.7899,34606597591,0,0,45734,100.00,0,0.00,0,0.00,0,0,0,0,0,34606597591,1408387.33,0,2146897,1397707,53,640,144,136,8376,80,8592,152,664,372.2985,24370.1733,0.0000,0.0000,0.0000,0.0000,0.0000,0.0000,0.0000,0.0000,0.0000,0.0000,0.0000,0.0000,0.0000,58828.1653
1,256,4480,3600000000000.00,model defined,2146881,16,1146896,27455.7973,35862154763,0,0,55499,100.00,0,0.00,0,0.00,0,0,0,0,0,35862154763,1306177.87,0,2146897,1397707,53,640,144,136,8376,80,8592,152,664,138.9660,27491.1076,0.0000,0.0000,0.0000,0.0000,0.0000,0.0000,0.0000,0.0000,0.0000,0.0000,0.0000,0.0000,0.0000,65733.0599
1,256,3264,3600000000000.00,model defined,1835585,16,835600,22720.6845,31335936887,0,0,36988,100.00,0,0.00,0,0.00,0,0,0,0,0,31335936887,1379181.02,0,1835601,1193633,222,640,144,136,8376,80,8592,152,664,104.0994,22223.2717,0.0000,0.0000,0.0000,0.0000,0.0000,0.0000,0.0000,0.0000,0.0000,0.0000,0.0000,0.0000,0.0000,54395.7255
1,256,4480,3600000000000.00,model defined,2146881,16,1146896,26315.8337,34606420616,0,0,45405,100.00,0,0.00,0,0.00,0,0,0,0,0,34606420616,1315041.77,0,2146897,1397707,53,640,144,136,8376,80,8592,152,664,265.2364,26956.5719,0.0000,0.0000,0.0000,0.0000,0.0000,0.0000,0.0000,0.0000,0.0000,0.0000,0.0000,0.0000,0.0000,63003.7446
1,256,4480,3600000000000.00,model defined,2146881,16,1146896,27479.7829,34630923011,0,0,46936,100.00,0,0.00,0,0.00,0,0,0,0,0,34630923011,1260232.77,0,2146897,1397707,53,640,144,136,8376,80,8592,152,664,265.1861,28652.7798,0.0000,0.0000,0.0000,0.0000,0.0000,0.0000,0.0000,0.0000,0.0000,0.0000,0.0000,0.0000,0.0000,65790.5794
1,256,4480,3600000000000.00,model defined,2146881,16,1146896,27656.7898,34606612906,0,0,52712,100.00,0,0.00,0,0.00,0,0,0,0,0,34606612906,1251288.13,0,2146897,1397707,53,640,144,136,8376,80,8592,152,664,266.5848,29853.4420,0.0000,0.0000,0.0000,0.0000,0.0000,0.0000,0.0000,0.0000,0.0000,0.0000,0.0000,0.0000,0.0000,66214.2139
1,256,4480,3600000000000.00,model defined,2146881,16,1146896,28361.5406,34682585544,0,0,43816,100.00,0,0.00,0,0.00,0,0,0,0,0,34682585544,1222873.82,0,2146897,1397707,53,640,144,136,8376,80,8592,152,664,271.9443,29957.0455,0.0000,0.0000,0.0000,0.0000,0.0000,0.0000,0.0000,0.0000,0.0000,0.0000,0.0000,0.0000,0.0000,67900.9157
1,256,2656,3600000000000.00,model defined,1679937,16,679952,15220.9548,24493383836,0,0,170233,100.00,0,0.00,0,0.00,0,0,0,0,0,24493383836,1609188.39,0,1679953,1091596,307,640,144,136,8376,80,8592,152,664,214.9258,13561.4890,0.0000,0.0000,0.0000,0.0000,0.0000,0.0000,0.0000,0.0000,0.0000,0.0000,0.0000,0.0000,0.0000,36440.3377
1,256,2656,3600000000000.00,model defined,1679937,16,679952,15349.5716,24486409908,0,0,106025,100.00,0,0.00,0,0.00,0,0,0,0,0,24486409908,1595250.37,0,1679953,1091596,307,640,144,136,8376,80,8592,152,664,179.0159,13617.8286,0.0000,0.0000,0.0000,0.0000,0.0000,0.0000,0.0000,0.0000,0.0000,0.0000,0.0000,0.0000,0.0000,36748.9322
1,256,2656,3600000000000.00,model defined,1679937,16,679952,15667.4430,24470265370,0,0,70008,100.00,0,0.00,0,0.00,0,0,0,0,0,24470265370,1561854.44,0,1679953,1091596,307,640,144,136,8376,80,8592,152,664,194.0345,13886.9059,0.0000,0.0000,0.0000,0.0000,0.0000,0.0000,0.0000,0.0000,0.0000,0.0000,0.0000,0.0000,0.0000,37509.4069
1,256,2656,3600000000000.00,model defined,1679937,16,679952,15197.1527,24353425513,0,0,38039,100.00,0,0.00,0,0.00,0,0,0,0,0,24353425513,1602499.23,0,1679953,1091596,307,640,144,136,8376,80,8592,152,664,233.3834,13233.3969,0.0000,0.0000,0.0000,0.0000,0.0000,0.0000,0.0000,0.0000,0.0000,0.0000,0.0000,0.0000,0.0000,36383.6990
1,256,2656,3600000000000.00,model defined,1679937,16,679952,15416.3332,24433313569,0,0,48734,100.00,0,0.00,0,0.00,0,0,0,0,0,24433313569,1584897.86,0,1679953,1091596,307,640,144,136,8376,80,8592,152,664,468.9269,13636.9386,0.0000,0.0000,0.0000,0.0000,0.0000,0.0000,0.0000,0.0000,0.0000,0.0000,0.0000,0.0000,0.0000,36908.9398
1,256,2656,3600000000000.00,model defined,1679937,16,679952,15523.0236,24230220157,0,0,25806,100.00,0,0.00,0,0.00,0,0,0,0,0,24230220157,1560921.42,0,1679953,1091596,307,640,144,136,8376,80,8592,152,664,237.1781,13775.0346,0.0000,0.0000,0.0000,0.0000,0.0000,0.0000,0.0000,0.0000,0.0000,0.0000,0.0000,0.0000,0.0000,37164.2610
1,256,2656,3600000000000.00,model defined,1679937,16,679952,15807.5870,24131890861,0,0,22511,100.00,0,0.00,0,0.00,0,0,0,0,0,24131890861,1526601.81,0,1679953,1091596,307,640,144,136,8376,80,8592,152,664,132.6917,14381.6553,0.0000,0.0000,0.0000,0.0000,0.0000,0.0000,0.0000,0.0000,0.0000,0.0000,0.0000,0.0000,0.0000,37845.0277
1,256,2656,3600000000000.00,model defined,1679937,16,679952,14816.6887,22791500496,0,0,20038,100.00,0,0.00,0,0.00,0,0,0,0,0,22791500496,1538231.72,0,1679953,1091596,307,640,144,136,8376,80,8592,152,664,102.7983,14026.2760,0.0000,0.0000,0.0000,0.0000,0.0000,0.0000,0.0000,0.0000,0.0000,0.0000,0.0000,0.0000,0.0000,35473.3230
1,256,2352,3600000000000.00,model defined,1602113,16,602128,14100.2313,23555756260,0,0,272630,100.00,0,0.00,0,0.00,0,0,0,0,0,23555756260,1670593.61,0,1602129,1040578,350,640,144,136,8376,80,8592,152,664,278.5339,12230.3435,0.0000,0.0000,0.0000,0.0000,0.0000,0.0000,0.0000,0.0000,0.0000,0.0000,0.0000,0.0000,0.0000,33757.1903
1,256,2656,3600000000000.00,model defined,1679937,16,679952,15769.8437,24065766286,0,0,20627,100.00,0,0.00,0,0.00,0,0,0,0,0,24065766286,1526062.45,0,1679953,1091596,307,640,144,136,8376,80,8592,152,664,271.9710,14703.7311,0.0000,0.0000,0.0000,0.0000,0.0000,0.0000,0.0000,0.0000,0.0000,0.0000,0.0000,0.0000,0.0000,37755.0592
1,256,2656,3600000000000.00,model defined,1679937,16,679952,15467.8856,23647153160,0,0,39807,100.00,0,0.00,0,0.00,0,0,0,0,0,23647153160,1528790.28,0,1679953,1091596,307,640,144,136,8376,80,8592,152,664,338.0643,14699.9566,0.0000,0.0000,0.0000,0.0000,0.0000,0.0000,0.0000,0.0000,0.0000,0.0000,0.0000,0.0000,0.0000,37031.8817
1,256,2656,3600000000000.00,model defined,1679937,16,679952,15745.4149,23662455399,0,0,57937,100.00,0,0.00,0,0.00,0,0,0,0,0,23662455399,1502815.61,0,1679953,1091596,307,640,144,136,8376,80,8592,152,664,111.9763,14805.7823,0.0000,0.0000,0.0000,0.0000,0.0000,0.0000,0.0000,0.0000,0.0000,0.0000,0.0000,0.0000,0.0000,37696.8358
1,256,2352,3600000000000.00,model defined,1602113,16,602128,14155.6839,23534211344,0,0,99185,100.00,0,0.00,0,0.00,0,0,0,0,0,23534211344,1662527.33,0,1602129,1040578,350,640,144,136,8376,80,8592,152,664,191.9626,12229.2345,0.0000,0.0000,0.0000,0.0000,0.0000,0.0000,0.0000,0.0000,0.0000,0.0000,0.0000,0.0000,0.0000,33890.6124
1,256,2656,3600000000000.00,model defined,1679937,16,679952,15320.5945,23072329928,0,0,24142,100.00,0,0.00,0,0.00,0,0,0,0,0,23072329928,1505968.32,0,1679953,1091596,307,640,144,136,8376,80,8592,152,664,213.9312,14384.0001,0.0000,0.0000,0.0000,0.0000,0.0000,0.0000,0.0000,0.0000,0.0000,0.0000,0.0000,0.0000,0.0000,36679.1989
1,256,2352,3600000000000.00,model defined,1602113,16,602128,14357.0057,23547926536,0,0,160163,100.00,0,0.00,0,0.00,0,0,0,0,0,23547926536,1640169.76,0,1602129,1040578,350,640,144,136,8376,80,8592,152,664,113.1853,12395.5742,0.0000,0.0000,0.0000,0.0000,0.0000,0.0000,0.0000,0.0000,0.0000,0.0000,0.0000,0.0000,0.0000,34372.6974
1,256,2656,3600000000000.00,model defined,1679937,16,679952,14969.1057,22739195905,0,0,18561,100.00,0,0.00,0,0.00,0,0,0,0,0,22739195905,1519075.11,0,1679953,1091596,307,640,144,136,8376,80,8592,152,664,536.9751,14608.5536,0.0000,0.0000,0.0000,0.0000,0.0000,0.0000,0.0000,0.0000,0.0000,0.0000,0.0000,0.0000,0.0000,35837.8284
1,256,2656,3600000000000.00,model defined,1679937,16,679952,15582.5973,23459526431,0,0,26530,100.00,0,0.00,0,0.00,0,0,0,0,0,23459526431,1505495.27,0,1679953,1091596,307,640,144,136,8376,80,8592,152,664,501.5696,14888.6985,0.0000,0.0000,0.0000,0.0000,0.0000,0.0000,0.0000,0.0000,0.0000,0.0000,0.0000,0.0000,0.0000,37306.8372
1,256,2352,3600000000000.00,model defined,1602113,16,602128,14436.6490,23502906164,0,0,67757,100.00,0,0.00,0,0.00,0,0,0,0,0,23502906164,1628002.88,0,1602129,1040578,350,640,144,136,8376,80,8592,152,664,232.5414,12390.2664,0.0000,0.0000,0.0000,0.0000,0.0000,0.0000,0.0000,0.0000,0.0000,0.0000,0.0000,0.0000,0.0000,34562.8674
1,256,2656,3600000000000.00,model defined,1679937,16,679952,16373.1189,24000758598,0,0,20001,100.00,0,0.00,0,0.00,0,0,0,0,0,24000758598,1465863.58,0,1679953,1091596,307,640,144,136,8376,80,8592,152,664,202.6244,15527.1474,0.0000,0.0000,0.0000,0.0000,0.0000,0.0000,0.0000,0.0000,0.0000,0.0000,0.0000,0.0000,0.0000,39199.3002
1,256,2656,3600000000000.00,model defined,1679937,16,679952,15404.3549,22724991608,0,0,19920,100.00,0,0.00,0,0.00,0,0,0,0,0,22724991608,1475231.63,0,1679953,1091596,307,640,144,136,8376,80,8592,152,664,474.6789,15375.9809,0.0000,0.0000,0.0000,0.0000,0.0000,0.0000,0.0000,0.0000,0.0000,0.0000,0.0000,0.0000,0.0000,36880.1961
1,256,2656,3600000000000.00,model defined,1679937,16,679952,16126.6337,23611916140,0,0,29819,100.00,0,0.00,0,0.00,0,0,0,0,0,23611916140,1464156.53,0,1679953,1091596,307,640,144,136,8376,80,8592,152,664,501.5259,15359.2603,0.0000,0.0000,0.0000,0.0000,0.0000,0.0000,0.0000,0.0000,0.0000,0.0000,0.0000,0.0000,0.0000,38609.3524
1,256,2656,3600000000000.00,model defined,1679937,16,679952,15812.8439,22720547325,0,0,21468,100.00,0,0.00,0,0.00,0,0,0,0,0,22720547325,1436841.31,0,1679953,1091596,307,640,144,136,8376,80,8592,152,664,322.9073,16043.6601,0.0000,0.0000,0.0000,0.0000,0.0000,0.0000,0.0000,0.0000,0.0000,0.0000,0.0000,0.0000,0.0000,37857.8715
1,256,2352,3600000000000.00,model defined,1602113,16,602128,14455.8362,23413134268,0,0,53241,100.00,0,0.00,0,0.00,0,0,0,0,0,23413134268,1619631.95,0,1602129,1040578,350,640,144,136,8376,80,8592,152,664,290.4364,12304.0817,0.0000,0.0000,0.0000,0.0000,0.0000,0.0000,0.0000,0.0000,0.0000,0.0000,0.0000,0.0000,0.0000,34609.2722
1,256,3264,3600000000000.00,model defined,1835585,16,835600,20329.9596,29870164369,0,0,31606,100.00,0,0.00,0,0.00,0,0,0,0,0,29870164369,1469268.26,0,1835601,1193633,222,640,144,136,8376,80,8592,152,664,588.5251,20119.9652,0.0000,0.0000,0.0000,0.0000,0.0000,0.0000,0.0000,0.0000,0.0000,0.0000,0.0000,0.0000,0.0000,48673.5898
1,256,3264,3600000000000.00,model defined,1835585,16,835600,20351.3123,29995168318,0,0,33461,100.00,0,0.00,0,0.00,0,0,0,0,0,29995168318,1473869.00,0,1835601,1193633,222,640,144,136,8376,80,8592,152,664,732.1543,19690.8610,0.0000,0.0000,0.0000,0.0000,0.0000,0.0000,0.0000,0.0000,0.0000,0.0000,0.0000,0.0000,0.0000,48723.6609
1,256,2352,3600000000000.00,model defined,1602113,16,602128,14270.9205,23171275196,0,0,24405,100.00,0,0.00,0,0.00,0,0,0,0,0,23171275196,1623670.67,0,1602129,1040578,350,640,144,136,8376,80,8592,152,664,214.4613,12492.8093,0.0000,0.0000,0.0000,0.0000,0.0000,0.0000,0.0000,0.0000,0.0000,0.0000,0.0000,0.0000,0.0000,34166.5695
1,256,2352,3600000000000.00,model defined,1602113,16,602128,14559.5850,23276334694,0,0,32067,100.00,0,0.00,0,0.00,0,0,0,0,0,23276334694,1598694.93,0,1602129,1040578,350,640,144,136,8376,80,8592,152,664,255.0909,12448.4394,0.0000,0.0000,0.0000,0.0000,0.0000,0.0000,0.0000,0.0000,0.0000,0.0000,0.0000,0.0000,0.0000,34857.7529
1,256,3264,3600000000000.00,model defined,1835585,16,835600,21060.5226,29848216884,0,0,33400,100.00,0,0.00,0,0.00,0,0,0,0,0,29848216884,1417259.08,0,1835601,1193633,222,640,144,136,8376,80,8592,152,664,240.5890,21469.1118,0.0000,0.0000,0.0000,0.0000,0.0000,0.0000,0.0000,0.0000,0.0000,0.0000,0.0000,0.0000,0.0000,50421.8366
1,256,2352,3600000000000.00,model defined,1602113,16,602128,14417.6393,23121914126,0,0,20458,100.00,0,0.00,0,0.00,0,0,0,0,0,23121914126,1603723.99,0,1602129,1040578,350,640,144,136,8376,80,8592,152,664,331.6384,12892.2928,0.0000,0.0000,0.0000,0.0000,0.0000,0.0000,0.0000,0.0000,0.0000,0.0000,0.0000,0.0000,0.0000,34517.5470
1,256,3264,3600000000000.00,model defined,1835585,16,835600,22474.6614,29843665887,0,0,35502,100.00,0,0.00,0,0.00,0,0,0,0,0,29843665887,1327880.56,0,1835601,1193633,222,640,144,136,8376,80,8592,152,664,96.8448,23218.9212,0.0000,0.0000,0.0000,0.0000,0.0000,0.0000,0.0000,0.0000,0.0000,0.0000,0.0000,0.0000,0.0000,53807.0626
1,256,3264,3600000000000.00,model defined,1835585,16,835600,22650.6093,29848097567,0,0,36210,100.00,0,0.00,0,0.00,0,0,0,0,0,29848097567,1317761.36,0,1835601,1193633,222,640,144,136,8376,80,8592,152,664,262.1372,23706.2830,0.0000,0.0000,0.0000,0.0000,0.0000,0.0000,0.0000,0.0000,0.0000,0.0000,0.0000,0.0000,0.0000,54228.7463
1,256,2352,3600000000000.00,model defined,1602113,16,602128,14870.7417,23067644828,0,0,18482,100.00,0,0.00,0,0.00,0,0,0,0,0,23067644828,1551210.10,0,1602129,1040578,350,640,144,136,8376,80,8592,152,664,709.7360,13563.6294,0.0000,0.0000,0.0000,0.0000,0.0000,0.0000,0.0000,0.0000,0.0000,0.0000,0.0000,0.0000,0.0000,35601.8938
1,256,2352,3600000000000.00,model defined,1602113,16,602128,15024.3258,23497039324,0,0,170244,100.00,0,0.00,0,0.00,0,0,0,0,0,23497039324,1563933.03,0,1602129,1040578,350,640,144,136,8376,80,8592,152,664,134.2779,13494.6842,0.0000,0.0000,0.0000,0.0000,0.0000,0.0000,0.0000,0.0000,0.0000,0.0000,0.0000,0.0000,0.0000,35970.2457
1,256,2352,3600000000000.00,model defined,1602113,16,602128,14718.7761,23462680088,0,0,99236,100.00,0,0.00,0,0.00,0,0,0,0,0,23462680088,1594064.61,0,1602129,1040578,350,640,144,136,8376,80,8592,152,664,476.7117,13231.0251,0.0000,0.0000,0.0000,0.0000,0.0000,0.0000,0.0000,0.0000,0.0000,0.0000,0.0000,0.0000,0.0000,35238.2010
1,256,2352,3600000000000.00,model defined,1602113,16,602128,14759.7848,23406718271,0,0,65494,100.00,0,0.00,0,0.00,0,0,0,0,0,23406718271,1585844.14,0,1602129,1040578,350,640,144,136,8376,80,8592,152,664,402.5355,13248.8186,0.0000,0.0000,0.0000,0.0000,0.0000,0.0000,0.0000,0.0000,0.0000,0.0000,0.0000,0.0000,0.0000,35336.5865
1,256,2352,3600000000000.00,model defined,1602113,16,602128,14913.5368,23300070896,0,0,49515,100.00,0,0.00,0,0.00,0,0,0,0,0,23300070896,1562343.74,0,1602129,1040578,350,640,144,136,8376,80,8592,152,664,122.9423,13372.9740,0.0000,0.0000,0.0000,0.0000,0.0000,0.0000,0.0000,0.0000,0.0000,0.0000,0.0000,0.0000,0.0000,35705.1658
1,256,2352,3600000000000.00,model defined,1602113,16,602128,14873.8929,23147426677,0,0,42413,100.00,0,0.00,0,0.00,0,0,0,0,0,23147426677,1556245.35,0,1602129,1040578,350,640,144,136,8376,80,8592,152,664,320.9365,13149.3841,0.0000,0.0000,0.0000,0.0000,0.0000,0.0000,0.0000,0.0000,0.0000,0.0000,0.0000,0.0000,0.0000,35610.1432
1,256,2352,3600000000000.00,model defined,1602113,16,602128,15103.6562,22854857125,0,0,24628,100.00,0,0.00,0,0.00,0,0,0,0,0,22854857125,1513200.30,0,1602129,1040578,350,640,144,136,8376,80,8592,152,664,289.2445,13772.0150,0.0000,0.0000,0.0000,0.0000,0.0000,0.0000,0.0000,0.0000,0.0000,0.0000,0.0000,0.0000,0.0000,36159.7363
1,256,2352,3600000000000.00,model defined,1602113,16,602128,15195.3294,22756505511,0,0,20746,100.00,0,0.00,0,0.00,0,0,0,0,0,22756505511,1497598.69,0,1602129,1040578,350,640,144,136,8376,80,8592,152,664,145.6319,14112.4664,0.0000,0.0000,0.0000,0.0000,0.0000,0.0000,0.0000,0.0000,0.0000,0.0000,0.0000,0.0000,0.0000,36379.8316
1,256,2352,3600000000000.00,model defined,1602113,16,602128,15220.3965,22959803511,0,0,29827,100.00,0,0.00,0,0.00,0,0,0,0,0,22959803511,1508489.19,0,1602129,1040578,350,640,144,136,8376,80,8592,152,664,177.6293,14002.0650,0.0000,0.0000,0.0000,0.0000,0.0000,0.0000,0.0000,0.0000,0.0000,0.0000,0.0000,0.0000,0.0000,36438.9605
1,256,2352,3600000000000.00,model defined,1602113,16,602128,15318.7686,22596142469,0,0,19223,100.00,0,0.00,0,0.00,0,0,0,0,0,22596142469,1475062.59,0,1602129,1040578,350,640,144,136,8376,80,8592,152,664,375.8501,14480.7060,0.0000,0.0000,0.0000,0.0000,0.0000,0.0000,0.0000,0.0000,0.0000,0.0000,0.0000,0.0000,0.0000,36675.3395
